DATE,EUR3MTD156N
2011-03-01,1.04938
2011-03-02,1.04750
2011-03-03,1.04813
2011-03-04,1.11813
2011-03-07,1.12438
2011-03-08,1.12938
2011-03-09,1.12938
2011-03-10,1.12813
2011-03-11,1.12563
2011-03-14,1.12625
2011-03-15,1.12000
2011-03-16,1.12000
2011-03-17,1.12125
2011-03-18,1.12250
2011-03-21,1.12688
2011-03-22,1.13625
2011-03-23,1.14063
2011-03-24,1.14375
2011-03-25,1.15250
2011-03-28,1.16000
2011-03-29,1.16750
2011-03-30,1.17500
2011-03-31,1.18000
2011-04-01,1.19000
2011-04-04,1.20313
2011-04-05,1.20750
2011-04-06,1.21938
2011-04-07,1.22875
2011-04-08,1.24313
2011-04-11,1.25500
2011-04-12,1.26250
2011-04-13,1.27313
2011-04-14,1.27688
2011-04-15,1.28125
2011-04-18,1.28688
2011-04-19,1.29125
2011-04-20,1.30313
2011-04-21,1.31750
2011-04-22,.
2011-04-25,.
2011-04-26,1.32125
2011-04-27,1.32813
2011-04-28,1.33875
2011-04-29,1.34500
2011-05-02,1.35125
2011-05-03,1.35625
2011-05-04,1.36625
2011-05-05,1.37938
2011-05-06,1.37063
2011-05-09,1.37750
2011-05-10,1.38063
2011-05-11,1.37688
2011-05-12,1.37313
2011-05-13,1.37438
2011-05-16,1.37750
2011-05-17,1.37813
2011-05-18,1.37875
2011-05-19,1.38438
2011-05-20,1.38625
2011-05-23,1.38375
2011-05-24,1.38313
2011-05-25,1.38438
2011-05-26,1.38125
2011-05-27,1.37938
2011-05-30,1.38000
2011-05-31,1.38188
2011-06-01,1.38188
2011-06-02,1.38313
2011-06-03,1.38313
2011-06-06,1.38313
2011-06-07,1.39000
2011-06-08,1.40063
2011-06-09,1.40688
2011-06-10,1.41313
2011-06-13,1.41813
2011-06-14,1.42188
2011-06-15,1.42875
2011-06-16,1.43750
2011-06-17,1.45000
2011-06-20,1.45938
2011-06-21,1.46563
2011-06-22,1.46813
2011-06-23,1.46938
2011-06-24,1.47188
2011-06-27,1.46750
2011-06-28,1.47250
2011-06-29,1.47938
2011-06-30,1.49063
2011-07-01,1.49813
2011-07-04,1.50625
2011-07-05,1.51438
2011-07-06,1.51688
2011-07-07,1.52625
2011-07-08,1.53250
2011-07-11,1.54563
2011-07-12,1.54375
2011-07-13,1.54938
2011-07-14,1.55125
2011-07-15,1.55250
2011-07-18,1.55375
2011-07-19,1.55375
2011-07-20,1.54813
2011-07-21,1.55063
2011-07-22,1.55563
2011-07-25,1.55813
2011-07-26,1.56000
2011-07-27,1.55938
2011-07-28,1.55688
2011-07-29,1.55688
2011-08-01,1.55750
2011-08-02,1.55563
2011-08-03,1.55438
2011-08-04,1.55313
2011-08-05,1.52188
2011-08-08,1.51813
2011-08-09,1.51188
2011-08-10,1.50188
2011-08-11,1.48938
2011-08-12,1.48875
2011-08-15,1.48938
2011-08-16,1.48750
2011-08-17,1.48500
2011-08-18,1.48375
2011-08-19,1.47813
2011-08-22,1.47813
2011-08-23,1.48000
2011-08-24,1.48000
2011-08-25,1.48000
2011-08-26,1.48125
2011-08-29,1.48250
2011-08-30,1.48250
2011-08-31,1.48375
2011-09-01,1.48375
2011-09-02,1.48250
2011-09-05,1.47813
2011-09-06,1.47500
2011-09-07,1.47813
2011-09-08,1.47938
2011-09-09,1.47750
2011-09-12,1.47938
2011-09-13,1.47813
2011-09-14,1.47875
2011-09-15,1.47938
2011-09-16,1.48375
2011-09-19,1.48375
2011-09-20,1.48563
2011-09-21,1.48688
2011-09-22,1.48688
2011-09-23,1.48625
2011-09-26,1.48625
2011-09-27,1.48625
2011-09-28,1.49000
2011-09-29,1.49438
2011-09-30,1.49500
2011-10-03,1.49750
2011-10-04,1.49750
2011-10-05,1.49750
2011-10-06,1.49563
2011-10-07,1.50375
2011-10-10,1.50438
2011-10-11,1.50438
2011-10-12,1.50438
2011-10-13,1.50438
2011-10-14,1.50500
2011-10-17,1.50750
2011-10-18,1.50750
2011-10-19,1.51250
2011-10-20,1.51438
2011-10-21,1.51813
2011-10-24,1.51938
2011-10-25,1.52063
2011-10-26,1.52063
2011-10-27,1.52375
2011-10-28,1.52688
2011-10-31,1.52688
2011-11-01,1.52563
2011-11-02,1.52188
2011-11-03,1.51938
2011-11-04,1.44125
2011-11-07,1.43188
2011-11-08,1.42875
2011-11-09,1.42625
2011-11-10,1.41750
2011-11-11,1.41750
2011-11-14,1.41438
2011-11-15,1.41063
2011-11-16,1.40813
2011-11-17,1.41000
2011-11-18,1.41500
2011-11-21,1.41438
2011-11-22,1.41313
2011-11-23,1.41438
2011-11-24,1.41438
2011-11-25,1.41625
2011-11-28,1.41750
2011-11-29,1.41438
2011-11-30,1.40688
2011-12-01,1.40063
2011-12-02,1.40188
2011-12-05,1.40000
2011-12-06,1.40071
2011-12-07,1.39857
2011-12-08,1.39786
2011-12-09,1.36500
2011-12-12,1.35929
2011-12-13,1.35643
2011-12-14,1.34929
2011-12-15,1.34929
2011-12-16,1.34929
2011-12-19,1.34786
2011-12-20,1.34786
2011-12-21,1.34571
2011-12-22,1.33929
2011-12-23,1.33429
2011-12-26,.
2011-12-27,1.33286
2011-12-28,1.32429
2011-12-29,1.30429
2011-12-30,1.29214
2012-01-02,1.28357
2012-01-03,1.26857
2012-01-04,1.25714
2012-01-05,1.24071
2012-01-06,1.22857
2012-01-09,1.21729
2012-01-10,1.20929
2012-01-11,1.19929
2012-01-12,1.18286
2012-01-13,1.17029
2012-01-16,1.15786
2012-01-17,1.15071
2012-01-18,1.14314
2012-01-19,1.13614
2012-01-20,1.12571
2012-01-23,1.11214
2012-01-24,1.09886
2012-01-25,1.08829
2012-01-26,1.07686
2012-01-27,1.07057
2012-01-30,1.06514
2012-01-31,1.05929
2012-02-01,1.04943
2012-02-02,1.03971
2012-02-03,1.03171
2012-02-06,1.02214
2012-02-07,1.01786
2012-02-08,1.01086
2012-02-09,0.99943
2012-02-10,0.99157
2012-02-13,0.98614
2012-02-14,0.98286
2012-02-15,0.97821
2012-02-16,0.96821
2012-02-17,0.96536
2012-02-20,0.95750
2012-02-21,0.95179
2012-02-22,0.94450
2012-02-23,0.93421
2012-02-24,0.92464
2012-02-27,0.91550
2012-02-28,0.90793
2012-02-29,0.89586
2012-03-01,0.87893
2012-03-02,0.86114
2012-03-05,0.85143
2012-03-06,0.83843
2012-03-07,0.82400
2012-03-08,0.81429
2012-03-09,0.80329
2012-03-12,0.79329
2012-03-13,0.78400
2012-03-14,0.77314
2012-03-15,0.76286
2012-03-16,0.75286
2012-03-19,0.74286
2012-03-20,0.73214
2012-03-21,0.72357
2012-03-22,0.71829
2012-03-23,0.70986
2012-03-26,0.70129
2012-03-27,0.69514
2012-03-28,0.69157
2012-03-29,0.68814
2012-03-30,0.68086
2012-04-02,0.67529
2012-04-03,0.67450
2012-04-04,0.67250
2012-04-05,0.67107
2012-04-06,.
2012-04-09,.
2012-04-10,0.66857
2012-04-11,0.66500
2012-04-12,0.66214
2012-04-13,0.65843
2012-04-16,0.65679
2012-04-17,0.65714
2012-04-18,0.65429
2012-04-19,0.65214
2012-04-20,0.65036
2012-04-23,0.65143
2012-04-24,0.65071
2012-04-25,0.64786
2012-04-26,0.64643
2012-04-27,0.64214
2012-04-30,0.63686
2012-05-01,0.63686
2012-05-02,0.62929
2012-05-03,0.62286
2012-05-04,0.62071
2012-05-07,0.61821
2012-05-08,0.61750
2012-05-09,0.61643
2012-05-10,0.61607
2012-05-11,0.61607
2012-05-14,0.61607
2012-05-15,0.61607
2012-05-16,0.61264
2012-05-17,0.61250
2012-05-18,0.61071
2012-05-21,0.61000
2012-05-22,0.61000
2012-05-23,0.61000
2012-05-24,0.60436
2012-05-25,0.60164
2012-05-28,0.59893
2012-05-29,0.59893
2012-05-30,0.59650
2012-05-31,0.59464
2012-06-01,0.59050
2012-06-04,0.58714
2012-06-05,0.58657
2012-06-06,0.58471
2012-06-07,0.58350
2012-06-08,0.57807
2012-06-11,0.57743
2012-06-12,0.57671
2012-06-13,0.57671
2012-06-14,0.57500
2012-06-15,0.57200
2012-06-18,0.56714
2012-06-19,0.56557
2012-06-20,0.56686
2012-06-21,0.56479
2012-06-22,0.55907
2012-06-25,0.55679
2012-06-26,0.55621
2012-06-27,0.55629
2012-06-28,0.55500
2012-06-29,0.55571
2012-07-02,0.55536
2012-07-03,0.55264
2012-07-04,0.54893
2012-07-05,0.54679
2012-07-06,0.44507
2012-07-09,0.42750
2012-07-10,0.41393
2012-07-11,0.39964
2012-07-12,0.38464
2012-07-13,0.36964
2012-07-16,0.36250
2012-07-17,0.35464
2012-07-18,0.34464
2012-07-19,0.33607
2012-07-20,0.32679
2012-07-23,0.31893
2012-07-24,0.31393
2012-07-25,0.30393
2012-07-26,0.29464
2012-07-27,0.28536
2012-07-30,0.27036
2012-07-31,0.26179
2012-08-01,0.25536
2012-08-02,0.24821
2012-08-03,0.24679
2012-08-06,0.24179
2012-08-07,0.23821
2012-08-08,0.23679
2012-08-09,0.23107
2012-08-10,0.22393
2012-08-13,0.21821
2012-08-14,0.21464
2012-08-15,0.20893
2012-08-16,0.20779
2012-08-17,0.19850
2012-08-20,0.19536
2012-08-21,0.19036
2012-08-22,0.18321
2012-08-23,0.18143
2012-08-24,0.17714
2012-08-27,0.17643
2012-08-28,0.17429
2012-08-29,0.17286
2012-08-30,0.17071
2012-08-31,0.16786
2012-09-03,0.16857
2012-09-04,0.16786
2012-09-05,0.16643
2012-09-06,0.16500
2012-09-07,0.16429
2012-09-10,0.16000
2012-09-11,0.15857
2012-09-12,0.15857
2012-09-13,0.15857
2012-09-14,0.16000
2012-09-17,0.16000
2012-09-18,0.15857
2012-09-19,0.15714
2012-09-20,0.15286
2012-09-21,0.15286
2012-09-24,0.15286
2012-09-25,0.15286
2012-09-26,0.15286
2012-09-27,0.15429
2012-09-28,0.15429
2012-10-01,0.15286
2012-10-02,0.14857
2012-10-03,0.14643
2012-10-04,0.14643
2012-10-05,0.14571
2012-10-08,0.14571
2012-10-09,0.14357
2012-10-10,0.14357
2012-10-11,0.14071
2012-10-12,0.14071
2012-10-15,0.13786
2012-10-16,0.13643
2012-10-17,0.13571
2012-10-18,0.13571
2012-10-19,0.13571
2012-10-22,0.13571
2012-10-23,0.13429
2012-10-24,0.13429
2012-10-25,0.13429
2012-10-26,0.13286
2012-10-29,0.13286
2012-10-30,0.13286
2012-10-31,0.13286
2012-11-01,0.13214
2012-11-02,0.13071
2012-11-05,0.13071
2012-11-06,0.13071
2012-11-07,0.13071
2012-11-08,0.12857
2012-11-09,0.12857
2012-11-12,0.12857
2012-11-13,0.12857
2012-11-14,0.12714
2012-11-15,0.12571
2012-11-16,0.12643
2012-11-19,0.12500
2012-11-20,0.12500
2012-11-21,0.12500
2012-11-22,0.12500
2012-11-23,0.12500
2012-11-26,0.12571
2012-11-27,0.12571
2012-11-28,0.12571
2012-11-29,0.12643
2012-11-30,0.12643
2012-12-03,0.12714
2012-12-04,0.12714
2012-12-05,0.12714
2012-12-06,0.12714
2012-12-07,0.12357
2012-12-10,0.12071
2012-12-11,0.12071
2012-12-12,0.12286
2012-12-13,0.12214
2012-12-14,0.12286
2012-12-17,0.12286
2012-12-18,0.12214
2012-12-19,0.12214
2012-12-20,0.12214
2012-12-21,0.12357
2012-12-24,0.12571
2012-12-25,.
2012-12-26,.
2012-12-27,0.12643
2012-12-28,0.12857
2012-12-31,0.12857
2013-01-01,.
2013-01-02,0.12857
2013-01-03,0.12857
2013-01-04,0.13071
2013-01-07,0.12929
2013-01-08,0.12929
2013-01-09,0.12857
2013-01-10,0.12500
2013-01-11,0.13214
2013-01-14,0.13714
2013-01-15,0.13714
2013-01-16,0.13286
2013-01-17,0.13786
2013-01-18,0.14071
2013-01-21,0.13429
2013-01-22,0.13500
2013-01-23,0.13429
2013-01-24,0.13643
2013-01-25,0.13857
2013-01-28,0.14500
2013-01-29,0.14714
2013-01-30,0.14929
2013-01-31,0.15214
2013-02-01,0.15571
2013-02-04,0.15429
2013-02-05,0.15429
2013-02-06,0.15357
2013-02-07,0.15357
2013-02-08,0.15000
2013-02-11,0.14857
2013-02-12,0.14929
2013-02-13,0.14786
2013-02-14,0.14500
2013-02-15,0.14214
2013-02-18,0.14143
2013-02-19,0.14000
2013-02-20,0.14143
2013-02-21,0.14143
2013-02-22,0.13857
2013-02-25,0.13286
2013-02-26,0.13071
2013-02-27,0.12857
2013-02-28,0.13000
2013-03-01,0.12643
2013-03-04,0.12429
2013-03-05,0.12429
2013-03-06,0.12429
2013-03-07,0.12357
2013-03-08,0.12571
2013-03-11,0.12643
2013-03-12,0.12571
2013-03-13,0.12571
2013-03-14,0.12714
2013-03-15,0.12714
2013-03-18,0.12857
2013-03-19,0.13000
2013-03-20,0.13214
2013-03-21,0.13286
2013-03-22,0.13714
2013-03-25,0.13429
2013-03-26,0.13357
2013-03-27,0.13214
2013-03-28,0.13071
2013-03-29,.
2013-04-01,.
2013-04-02,0.13143
2013-04-03,0.12929
2013-04-04,0.13071
2013-04-05,0.12857
2013-04-08,0.12929
2013-04-09,0.13071
2013-04-10,0.13000
2013-04-11,0.13000
2013-04-12,0.12929
2013-04-15,0.12929
2013-04-16,0.13071
2013-04-17,0.13286
2013-04-18,0.13071
2013-04-19,0.13071
2013-04-22,0.12929
2013-04-23,0.12500
2013-04-24,0.12214
2013-04-25,0.12214
2013-04-26,0.12500
2013-04-29,0.12286
2013-04-30,0.12286
2013-05-01,0.12286
2013-05-02,0.12214
2013-05-03,0.12143
2013-05-06,.
2013-05-07,0.12214
2013-05-08,0.12143
2013-05-09,0.12143
2013-05-10,0.12143
2013-05-13,0.12214
2013-05-14,0.12286
2013-05-15,0.12214
2013-05-16,0.12000
2013-05-17,0.11714
2013-05-20,0.11714
2013-05-21,0.11714
2013-05-22,0.11571
2013-05-23,0.11571
2013-05-24,0.11643
2013-05-27,.
2013-05-28,0.11429
2013-05-29,0.11571
2013-05-30,0.11571
2013-05-31,0.11500
2013-06-03,0.11571
2013-06-04,0.11643
2013-06-05,0.11714
2013-06-06,0.11714
2013-06-07,0.12143
2013-06-10,0.12286
2013-06-11,0.12643
2013-06-12,0.12929
2013-06-13,0.13000
2013-06-14,0.12929
2013-06-17,0.13000
2013-06-18,0.13071
2013-06-19,0.13286
2013-06-20,0.13429
2013-06-21,0.13786
2013-06-24,0.14214
2013-06-25,0.14643
2013-06-26,0.14714
2013-06-27,0.14714
2013-06-28,0.14714
2013-07-01,0.14857
2013-07-02,0.14857
2013-07-03,0.14857
2013-07-04,0.14857
2013-07-05,0.14143
2013-07-08,0.14071
2013-07-09,0.14071
2013-07-10,0.14071
2013-07-11,0.14214
2013-07-12,0.14214
2013-07-15,0.14214
2013-07-16,0.14214
2013-07-17,0.14143
2013-07-18,0.14143
2013-07-19,0.14214
2013-07-22,0.14500
2013-07-23,0.14929
2013-07-24,0.15214
2013-07-25,0.15071
2013-07-26,0.14786
2013-07-29,0.15214
2013-07-30,0.15214
2013-07-31,0.15214
2013-08-01,0.15286
2013-08-02,0.15357
2013-08-05,0.15286
2013-08-06,0.15214
2013-08-07,0.15214
2013-08-08,0.15214
2013-08-09,0.15214
2013-08-12,0.15071
2013-08-13,0.15071
2013-08-14,0.15143
2013-08-15,0.15143
2013-08-16,0.15143
2013-08-19,0.15143
2013-08-20,0.15143
2013-08-21,0.15143
2013-08-22,0.15143
2013-08-23,0.15143
2013-08-26,.
2013-08-27,0.15143
2013-08-28,0.15143
2013-08-29,0.15357
2013-08-30,0.15357
2013-09-02,0.15643
2013-09-03,0.15643
2013-09-04,0.15643
2013-09-05,0.15643
2013-09-06,0.15643
2013-09-09,0.15571
2013-09-10,0.15571
2013-09-11,0.15500
2013-09-12,0.15286
2013-09-13,0.15214
2013-09-16,0.15429
2013-09-17,0.15429
2013-09-18,0.15429
2013-09-19,0.15429
2013-09-20,0.15429
2013-09-23,0.15500
2013-09-24,0.15500
2013-09-25,0.15714
2013-09-26,0.15929
2013-09-27,0.15929
2013-09-30,0.15929
2013-10-01,0.15929
2013-10-02,0.15929
2013-10-03,0.15929
2013-10-04,0.15929
2013-10-07,0.16000
2013-10-08,0.16071
2013-10-09,0.16143
2013-10-10,0.16143
2013-10-11,0.16286
2013-10-14,0.16500
2013-10-15,0.16429
2013-10-16,0.16571
2013-10-17,0.16571
2013-10-18,0.16500
2013-10-21,0.16643
2013-10-22,0.16643
2013-10-23,0.16786
2013-10-24,0.17071
2013-10-25,0.17357
2013-10-28,0.17571
2013-10-29,0.18143
2013-10-30,0.17571
2013-10-31,0.17571
2013-11-01,0.17357
2013-11-04,0.17500
2013-11-05,0.17857
2013-11-06,0.17857
2013-11-07,0.17714
2013-11-08,0.17071
2013-11-11,0.17000
2013-11-12,0.16929
2013-11-13,0.16929
2013-11-14,0.16857
2013-11-15,0.16857
2013-11-18,0.16857
2013-11-19,0.16857
2013-11-20,0.16857
2013-11-21,0.16786
2013-11-22,0.17500
2013-11-25,0.18143
2013-11-26,0.18714
2013-11-27,0.18643
2013-11-28,0.19071
2013-11-29,0.19000
2013-12-02,0.19286
2013-12-03,0.19857
2013-12-04,0.20071
2013-12-05,0.20214
2013-12-06,0.21429
2013-12-09,0.22429
2013-12-10,0.23429
2013-12-11,0.24357
2013-12-12,0.25286
2013-12-13,0.25571
2013-12-16,0.26214
2013-12-17,0.27429
2013-12-18,0.27714
2013-12-19,0.27143
2013-12-20,0.27143
2013-12-23,0.27214
2013-12-24,0.27214
2013-12-25,.
2013-12-26,.
2013-12-27,0.27357
2013-12-30,0.26786
2013-12-31,0.26571
2014-01-01,.
2014-01-02,0.26286
2014-01-03,0.25571
2014-01-06,0.25714
2014-01-07,0.25643
2014-01-08,0.25643
2014-01-09,0.26000
2014-01-10,0.25929
2014-01-13,0.25929
2014-01-14,0.26143
2014-01-15,0.26857
2014-01-16,0.28357
2014-01-17,0.28429
2014-01-20,0.28214
2014-01-21,0.28429
2014-01-22,0.28000
2014-01-23,0.28000
2014-01-24,0.27500
2014-01-27,0.27643
2014-01-28,0.28
2014-01-29,0.27286
2014-01-30,0.27
2014-01-31,0.26286
2014-02-03,0.25643
2014-02-04,0.25429
2014-02-05,0.255
2014-02-06,0.25429
2014-02-07,0.25786
2014-02-10,0.25714
2014-02-11,0.25929
2014-02-12,0.26
2014-02-13,0.25786
2014-02-14,0.25929
2014-02-17,0.25857
2014-02-18,0.25786
2014-02-19,0.25571
2014-02-20,0.25714
2014-02-21,0.26071
2014-02-24,0.26071
2014-02-25,0.26143
2014-02-26,0.26143
2014-02-27,0.26
2014-02-28,0.26143
2014-03-03,0.26
2014-03-04,0.25714
2014-03-05,0.25643
2014-03-06,0.255
2014-03-07,0.27071
2014-03-10,0.27857
2014-03-11,0.27714
2014-03-12,0.275
2014-03-13,0.27214
2014-03-14,0.27214
2014-03-17,0.27429
2014-03-18,0.27643
2014-03-19,0.28
2014-03-20,0.28
2014-03-21,0.28071
2014-03-24,0.28714
2014-03-25,0.28571
2014-03-26,0.28143
2014-03-27,0.27786
2014-03-28,0.27643
2014-03-31,0.28143
2014-04-01,0.28143
2014-04-02,0.28571
2014-04-03,0.28357
2014-04-04,0.29
2014-04-07,0.29071
2014-04-08,0.29
2014-04-09,0.29
2014-04-10,0.29214
2014-04-11,0.29286
2014-04-14,0.29143
2014-04-15,0.29143
2014-04-16,0.29143
2014-04-17,0.29214
2014-04-18,.
2014-04-21,.
2014-04-22,0.29357
2014-04-23,0.29643
2014-04-24,0.30214
2014-04-25,0.31143
2014-04-28,0.32143
2014-04-29,0.31143
2014-04-30,0.30786
2014-05-01,0.30786
2014-05-02,0.30786
2014-05-05,.
2014-05-06,0.30786
2014-05-07,0.30786
2014-05-08,0.30786
2014-05-09,0.3
2014-05-12,0.305
2014-05-13,0.305
2014-05-14,0.29643
2014-05-15,0.28857
2014-05-16,0.29
2014-05-19,0.29286
2014-05-20,0.29286
2014-05-21,0.29214
2014-05-22,0.29357
2014-05-23,0.29214
2014-05-26,.
2014-05-27,0.28786
2014-05-28,0.28786
2014-05-29,0.28714
2014-05-30,0.28714
2014-06-02,0.28714
2014-06-03,0.28143
2014-06-04,0.28
2014-06-05,0.27071
2014-06-06,0.24643
2014-06-09,0.245
2014-06-10,0.24429
2014-06-11,0.23571
2014-06-12,0.21286
2014-06-13,0.20571
2014-06-16,0.19214
2014-06-17,0.18929
2014-06-18,0.185
2014-06-19,0.17786
2014-06-20,0.17643
2014-06-23,0.17857
2014-06-24,0.17786
2014-06-25,0.17571
2014-06-26,0.17571
2014-06-27,0.17429
2014-06-30,0.17571
2014-07-01,0.17571
2014-07-02,0.17571
2014-07-03,0.17714
2014-07-04,0.17429
2014-07-07,0.17214
2014-07-08,0.17214
2014-07-09,0.17143
2014-07-10,0.17143
2014-07-11,0.17286
2014-07-14,0.17143
2014-07-15,0.17143
2014-07-16,0.17143
2014-07-17,0.17214
2014-07-18,0.17071
2014-07-21,0.17143
2014-07-22,0.17429
2014-07-23,0.17429
2014-07-24,0.17857
2014-07-25,0.17786
2014-07-28,0.17643
2014-07-29,0.18071
2014-07-30,0.17571
2014-07-31,0.17714
2014-08-01,0.17286
2014-08-04,0.17286
2014-08-05,0.17143
2014-08-06,0.16857
2014-08-07,0.16786
2014-08-08,0.16786
2014-08-11,0.16643
2014-08-12,0.16357
2014-08-13,0.16286
2014-08-14,0.15929
2014-08-15,0.15714
2014-08-18,0.15786
2014-08-19,0.15357
2014-08-20,0.15429
2014-08-21,0.15214
2014-08-22,0.15143
2014-08-25,.
2014-08-26,0.13857
2014-08-27,0.13143
2014-08-28,0.13
2014-08-29,0.12643
2014-09-01,0.12143
2014-09-02,0.11571
2014-09-03,0.11643
2014-09-04,0.115
2014-09-05,0.05857
2014-09-08,0.05357
2014-09-09,0.04714
2014-09-10,0.05071
2014-09-11,0.05
2014-09-12,0.05071
2014-09-15,0.05071
2014-09-16,0.05
2014-09-17,0.05
2014-09-18,0.05143
2014-09-19,0.05214
2014-09-22,0.05143
2014-09-23,0.05286
2014-09-24,0.05571
2014-09-25,0.055
2014-09-26,0.05714
2014-09-29,0.05714
2014-09-30,0.05714
2014-10-01,0.05714
2014-10-02,0.05286
2014-10-03,0.05214
2014-10-06,0.05214
2014-10-07,0.05214
2014-10-08,0.05429
2014-10-09,0.05429
2014-10-10,0.055
2014-10-13,0.05857
2014-10-14,0.05929
2014-10-15,0.05643
2014-10-16,0.05714
2014-10-17,0.05643
2014-10-20,0.055
2014-10-21,0.05857
2014-10-22,0.06143
2014-10-23,0.06214
2014-10-24,0.06286
2014-10-27,0.06429
2014-10-28,0.06429
2014-10-29,0.06429
2014-10-30,0.06214
2014-10-31,0.06214
2014-11-03,0.06143
2014-11-04,0.06071
2014-11-05,0.06
2014-11-06,0.055
2014-11-07,0.05286
2014-11-10,0.05286
2014-11-11,0.05429
2014-11-12,0.055
2014-11-13,0.05286
2014-11-14,0.05357
2014-11-17,0.05357
2014-11-18,0.05643
2014-11-19,0.06143
2014-11-20,0.06214
2014-11-21,0.06214
2014-11-24,0.06214
2014-11-25,0.06214
2014-11-26,0.06286
2014-11-27,0.06286
2014-11-28,0.06214
2014-12-01,0.06071
2014-12-02,0.06
2014-12-03,0.05786
2014-12-04,0.05643
2014-12-05,0.05786
2014-12-08,0.05857
2014-12-09,0.05929
2014-12-10,0.05857
2014-12-11,0.06
2014-12-12,0.06
2014-12-15,0.06143
2014-12-16,0.06071
2014-12-17,0.05929
2014-12-18,0.05857
2014-12-19,0.05929
2014-12-22,0.05786
2014-12-23,0.05643
2014-12-24,0.05643
2014-12-25,.
2014-12-26,.
2014-12-29,0.05929
2014-12-30,0.05786
2014-12-31,0.05857
2015-01-01,.
2015-01-02,0.05786
2015-01-05,0.05429
2015-01-06,0.05214
2015-01-07,0.04714
2015-01-08,0.04786
2015-01-09,0.04786
2015-01-12,0.04857
2015-01-13,0.04786
2015-01-14,0.045
2015-01-15,0.03929
2015-01-16,0.02929
2015-01-19,0.02929
2015-01-20,0.03071
2015-01-21,0.03071
2015-01-22,0.03143
2015-01-23,0.03286
2015-01-26,0.03429
2015-01-27,0.03429
2015-01-28,0.03357
2015-01-29,0.03214
2015-01-30,0.03214
2015-02-02,0.03214
2015-02-03,0.02786
2015-02-04,0.02571
2015-02-05,0.02571
2015-02-06,0.02571
2015-02-09,0.02429
2015-02-10,0.02571
2015-02-11,0.02786
2015-02-12,0.02357
2015-02-13,0.02357
2015-02-16,0.025
2015-02-17,0.02571
2015-02-18,0.02571
2015-02-19,0.025
2015-02-20,0.02571
2015-02-23,0.02429
2015-02-24,0.02429
2015-02-25,0.02357
2015-02-26,0.02143
2015-02-27,0.025
2015-03-02,0.025
2015-03-03,0.02643
2015-03-04,0.02643
2015-03-05,0.02643
2015-03-06,0.025
2015-03-09,0.02214
2015-03-10,0.02143
2015-03-11,0.01929
2015-03-12,0.01857
2015-03-13,0.01857
2015-03-16,0.01929
2015-03-17,0.01929
2015-03-18,0.02
2015-03-19,0.01714
2015-03-20,0.01429
2015-03-23,0.01357
2015-03-24,0.01357
2015-03-25,0.01357
2015-03-26,0.01357
2015-03-27,0.01357
2015-03-30,0.01786
2015-03-31,0.01786
2015-04-01,0.01
2015-04-02,0.01
2015-04-03,.
2015-04-06,.
2015-04-07,0.00857
2015-04-08,0.00714
2015-04-09,0.00643
2015-04-10,0.00714
2015-04-13,0.00714
2015-04-14,0.005
2015-04-15,0.005
2015-04-16,-0.00143
2015-04-17,-0.005
2015-04-20,-0.00429
2015-04-21,-0.005
2015-04-22,-0.005
2015-04-23,-0.00643
2015-04-24,-0.00429
2015-04-27,-0.00429
2015-04-28,-0.00857
2015-04-29,-0.00714
2015-04-30,-0.00786
2015-05-01,-0.00786
2015-05-04,.
2015-05-05,-0.01143
2015-05-06,-0.01357
2015-05-07,-0.01714
2015-05-08,-0.01643
2015-05-11,-0.01643
2015-05-12,-0.015
2015-05-13,-0.01429
2015-05-14,-0.01714
2015-05-15,-0.015
2015-05-18,-0.015
2015-05-19,-0.01714
2015-05-20,-0.01714
2015-05-21,-0.01429
2015-05-22,-0.01429
2015-05-25,.
2015-05-26,-0.01286
2015-05-27,-0.01286
2015-05-28,-0.01286
2015-05-29,-0.01571
2015-06-01,-0.01357
2015-06-02,-0.01286
2015-06-03,-0.01429
2015-06-04,-0.01357
2015-06-05,-0.01357
2015-06-08,-0.015
2015-06-09,-0.01429
2015-06-10,-0.015
2015-06-11,-0.01429
2015-06-12,-0.01143
2015-06-15,-0.01071
2015-06-16,-0.01071
2015-06-17,-0.01143
2015-06-18,-0.01143
2015-06-19,-0.01214
2015-06-22,-0.01214
2015-06-23,-0.01571
2015-06-24,-0.01571
2015-06-25,-0.015
2015-06-26,-0.01357
2015-06-29,-0.00929
2015-06-30,-0.01214
2015-07-01,-0.01286
2015-07-02,-0.015
2015-07-03,-0.015
2015-07-06,-0.015
2015-07-07,-0.01571
2015-07-08,-0.01286
2015-07-09,-0.01429
2015-07-10,-0.01429
2015-07-13,-0.01214
2015-07-14,-0.01429
2015-07-15,-0.01429
2015-07-16,-0.015
2015-07-17,-0.01429
2015-07-20,-0.01571
2015-07-21,-0.01714
2015-07-22,-0.01643
2015-07-23,-0.01643
2015-07-24,-0.01643
2015-07-27,-0.01643
2015-07-28,-0.01429
2015-07-29,-0.01571
2015-07-30,-0.01643
2015-07-31,-0.01714
2015-08-03,-0.01929
2015-08-04,-0.01714
2015-08-05,-0.01714
2015-08-06,-0.01929
2015-08-07,-0.02
2015-08-10,-0.02214
2015-08-11,-0.02357
2015-08-12,-0.02286
2015-08-13,-0.025
2015-08-14,-0.02714
2015-08-17,-0.02571
2015-08-18,-0.02643
2015-08-19,-0.02643
2015-08-20,-0.02643
2015-08-21,-0.03
2015-08-24,-0.03
2015-08-25,-0.02786
2015-08-26,-0.02857
2015-08-27,-0.02929
2015-08-28,-0.03
2015-08-31,.
2015-09-01,-0.03
2015-09-02,-0.03071
2015-09-03,-0.03214
2015-09-04,-0.03357
2015-09-07,-0.03786
2015-09-08,-0.03714
2015-09-09,-0.04286
2015-09-10,-0.04286
2015-09-11,-0.04286
2015-09-14,-0.03786
2015-09-15,-0.04429
2015-09-16,-0.04
2015-09-17,-0.04
2015-09-18,-0.04
2015-09-21,-0.04071
2015-09-22,-0.04071
2015-09-23,-0.04214
2015-09-24,-0.04214
2015-09-25,-0.04143
2015-09-28,-0.04214
2015-09-29,-0.04071
2015-09-30,-0.04071
2015-10-01,-0.04571
2015-10-02,-0.04429
2015-10-05,-0.04429
2015-10-06,-0.04429
2015-10-07,-0.04429
2015-10-08,-0.04571
2015-10-09,-0.04571
2015-10-12,-0.04571
2015-10-13,-0.04714
2015-10-14,-0.04714
2015-10-15,-0.04929
2015-10-16,-0.055
2015-10-19,-0.05714
2015-10-20,-0.05071
2015-10-21,-0.05
2015-10-22,-0.05286
2015-10-23,-0.06643
2015-10-26,-0.06857
2015-10-27,-0.07
2015-10-28,-0.07143
2015-10-29,-0.07143
2015-10-30,-0.07429
2015-11-02,-0.07429
2015-11-03,-0.07643
2015-11-04,-0.07857
2015-11-05,-0.07857
2015-11-06,-0.08071
2015-11-09,-0.08071
2015-11-10,-0.08786
2015-11-11,-0.08929
2015-11-12,-0.09214
2015-11-13,-0.09214
2015-11-16,-0.095
2015-11-17,-0.09786
2015-11-18,-0.09786
2015-11-19,-0.09786
2015-11-20,-0.10357
2015-11-23,-0.10786
2015-11-24,-0.11286
2015-11-25,-0.11286
2015-11-26,-0.11786
2015-11-27,-0.11786
2015-11-30,-0.11714
2015-12-01,-0.12
2015-12-02,-0.12143
2015-12-03,-0.12857
2015-12-04,-0.11
2015-12-07,-0.11214
2015-12-08,-0.11429
2015-12-09,-0.11429
2015-12-10,-0.12143
2015-12-11,-0.12214
2015-12-14,-0.12357
2015-12-15,-0.12286
2015-12-16,-0.12286
2015-12-17,-0.12357
2015-12-18,-0.12429
2015-12-21,-0.12643
2015-12-22,-0.12643
2015-12-23,-0.12714
2015-12-24,-0.12714
2015-12-25,.
2015-12-28,.
2015-12-29,-0.12714
2015-12-30,-0.12786
2015-12-31,-0.12786
2016-01-01,.
2016-01-04,-0.12857
2016-01-05,-0.12857
2016-01-06,-0.13143
2016-01-07,-0.13857
2016-01-08,-0.13857
2016-01-11,-0.14071
2016-01-12,-0.14071
2016-01-13,-0.14071
2016-01-14,-0.14643
2016-01-15,-0.14714
2016-01-18,-0.14857
2016-01-19,-0.15143
2016-01-20,-0.15571
2016-01-21,-0.15643
2016-01-22,-0.16286
2016-01-25,-0.16571
2016-01-26,-0.16929
2016-01-27,-0.17071
2016-01-28,-0.17429
2016-01-29,-0.18071
2016-02-01,-0.18143
2016-02-02,-0.18071
2016-02-03,-0.18357
2016-02-04,-0.18529
2016-02-05,-0.18814
2016-02-08,-0.19057
2016-02-09,-0.19343
2016-02-10,-0.19414
2016-02-11,-0.19643
2016-02-12,-0.202
2016-02-15,-0.20129
2016-02-16,-0.20657
2016-02-17,-0.208
2016-02-18,-0.21229
2016-02-19,-0.21343
2016-02-22,-0.21571
2016-02-23,-0.21571
2016-02-24,-0.21586
2016-02-25,-0.21729
2016-02-26,-0.22043
2016-02-29,-0.22286
2016-03-01,-0.22286
2016-03-02,-0.227
2016-03-03,-0.22914
2016-03-04,-0.23014
2016-03-07,-0.23514
2016-03-08,-0.23929
2016-03-09,-0.24214
2016-03-10,-0.24286
2016-03-11,-0.23571
2016-03-14,-0.23929
2016-03-15,-0.24286
2016-03-16,-0.24571
2016-03-17,-0.24786
2016-03-18,-0.24643
2016-03-21,-0.24857
2016-03-22,-0.24943
2016-03-23,-0.24943
2016-03-24,-0.24886
2016-03-25,.
2016-03-28,.
2016-03-29,-0.249
2016-03-30,-0.249
2016-03-31,-0.249
2016-04-01,-0.24971
2016-04-04,-0.25114
2016-04-05,-0.25143
2016-04-06,-0.25143
2016-04-07,-0.25757
2016-04-08,-0.26043
2016-04-11,-0.26286
2016-04-12,-0.26214
2016-04-13,-0.26
2016-04-14,-0.26786
2016-04-15,-0.265
2016-04-18,-0.265
2016-04-19,-0.268
2016-04-20,-0.26729
2016-04-21,-0.26743
2016-04-22,-0.26771
2016-04-25,-0.26929
2016-04-26,-0.27286
2016-04-27,-0.27286
2016-04-28,-0.27243
2016-04-29,-0.27171
2016-05-02,.
2016-05-03,-0.27386
2016-05-04,-0.27557
2016-05-05,-0.27586
2016-05-06,-0.276
2016-05-09,-0.27743
2016-05-10,-0.27743
2016-05-11,-0.27314
2016-05-12,-0.27529
2016-05-13,-0.27529
2016-05-16,-0.27529
2016-05-17,-0.281
2016-05-18,-0.281
2016-05-19,-0.27957
2016-05-20,-0.27814
2016-05-23,-0.27814
2016-05-24,-0.27957
2016-05-25,-0.27886
2016-05-26,-0.27886
2016-05-27,-0.28171
2016-05-30,.
2016-05-31,-0.28186
2016-06-01,-0.28114
2016-06-02,-0.27829
2016-06-03,-0.27757
2016-06-06,-0.27971
2016-06-07,-0.27829
2016-06-08,-0.28043
2016-06-09,-0.28114
2016-06-10,-0.28186
2016-06-13,-0.28114
2016-06-14,-0.28329
2016-06-15,-0.28257
2016-06-16,-0.28357
2016-06-17,-0.28429
2016-06-20,-0.28357
2016-06-21,-0.28357
2016-06-22,-0.285
2016-06-23,-0.28786
2016-06-24,-0.295
2016-06-27,-0.29743
2016-06-28,-0.29
2016-06-29,-0.29357
2016-06-30,-0.29486
2016-07-01,-0.29514
2016-07-04,-0.298
2016-07-05,-0.298
2016-07-06,-0.30229
2016-07-07,-0.30371
2016-07-08,-0.30443
2016-07-11,-0.30157
2016-07-12,-0.30086
2016-07-13,-0.30786
2016-07-14,-0.30786
2016-07-15,-0.30429
2016-07-18,-0.30643
2016-07-19,-0.30357
2016-07-20,-0.30357
2016-07-21,-0.30357
2016-07-22,-0.30357
2016-07-25,-0.30357
2016-07-26,-0.30357
2016-07-27,-0.30286
2016-07-28,-0.30286
2016-07-29,-0.30214
2016-08-01,-0.30286
2016-08-02,-0.30429
2016-08-03,-0.31443
2016-08-04,-0.31443
2016-08-05,-0.31571
2016-08-08,-0.31571
2016-08-09,-0.31857
2016-08-10,-0.31857
2016-08-11,-0.31929
2016-08-12,-0.31929
2016-08-15,-0.32143
2016-08-16,-0.32157
2016-08-17,-0.32014
2016-08-18,-0.32029
2016-08-19,-0.32029
2016-08-22,-0.32029
2016-08-23,-0.31886
2016-08-24,-0.32029
2016-08-25,-0.32029
2016-08-26,-0.32029
2016-08-29,.
2016-08-30,-0.32243
2016-08-31,-0.32257
2016-09-01,-0.32686
2016-09-02,-0.32586
2016-09-05,-0.32514
2016-09-06,-0.324
2016-09-07,-0.32114
2016-09-08,-0.32257
2016-09-09,-0.31871
2016-09-12,-0.32014
2016-09-13,-0.32014
2016-09-14,-0.31943
2016-09-15,-0.32014
2016-09-16,-0.32086
2016-09-19,-0.32086
2016-09-20,-0.32157
2016-09-21,-0.32243
2016-09-22,-0.32243
2016-09-23,-0.32029
2016-09-26,-0.32186
2016-09-27,-0.32186
2016-09-28,-0.32538
2016-09-29,-0.322
2016-09-30,-0.322
2016-10-03,-0.322
2016-10-04,-0.32057
2016-10-05,-0.32057
2016-10-06,-0.32057
2016-10-07,-0.322
2016-10-10,-0.32171
2016-10-11,-0.32043
2016-10-12,-0.32271
2016-10-13,-0.32486
2016-10-14,-0.32343
2016-10-17,-0.32343
2016-10-18,-0.32357
2016-10-19,-0.32357
2016-10-20,-0.32357
2016-10-21,-0.32286
2016-10-24,-0.32286
2016-10-25,-0.32286
2016-10-26,-0.32357
2016-10-27,-0.31929
2016-10-28,-0.31929
2016-10-31,-0.32071
2016-11-01,-0.32214
2016-11-02,-0.32357
2016-11-03,-0.32286
2016-11-04,-0.32286
2016-11-07,-0.32214
2016-11-08,-0.33143
2016-11-09,-0.33214
2016-11-10,-0.33143
2016-11-11,-0.33071
2016-11-14,-0.33214
2016-11-15,-0.33143
2016-11-16,-0.32857
2016-11-17,-0.32929
2016-11-18,-0.32929
2016-11-21,-0.32714
2016-11-22,-0.33071
2016-11-23,-0.33071
2016-11-24,-0.32929
2016-11-25,-0.33071
2016-11-28,-0.33143
2016-11-29,-0.32643
2016-11-30,-0.325
2016-12-01,-0.33357
2016-12-02,-0.33357
2016-12-05,-0.33429
2016-12-06,-0.33714
2016-12-07,-0.33714
2016-12-08,-0.33429
2016-12-09,-0.33357
2016-12-12,-0.33357
2016-12-13,-0.33429
2016-12-14,-0.33071
2016-12-15,-0.33
2016-12-16,-0.32929
2016-12-19,-0.33071
2016-12-20,-0.33071
2016-12-21,-0.33357
2016-12-22,-0.335
2016-12-23,-0.33357
2016-12-26,.
2016-12-27,.
2016-12-28,-0.33571
2016-12-29,-0.33571
2016-12-30,-0.33643
2017-01-02,.
2017-01-03,-0.33571
2017-01-04,-0.33857
2017-01-05,-0.33857
2017-01-06,-0.34143
2017-01-09,-0.34071
2017-01-10,-0.34071
2017-01-11,-0.34071
2017-01-12,-0.34143
2017-01-13,-0.34143
2017-01-16,-0.34286
2017-01-17,-0.34071
2017-01-18,-0.34071
2017-01-19,-0.34071
2017-01-20,-0.34071
2017-01-23,-0.34071
2017-01-24,-0.34071
2017-01-25,-0.34357
2017-01-26,-0.34357
2017-01-27,-0.345
2017-01-30,-0.345
2017-01-31,-0.34357
2017-02-01,-0.34357
2017-02-02,-0.34386
2017-02-03,-0.34386
2017-02-06,-0.34386
2017-02-07,-0.34957
2017-02-08,-0.34829
2017-02-09,-0.349
2017-02-10,-0.349
2017-02-13,-0.349
2017-02-14,-0.35043
2017-02-15,-0.35014
2017-02-16,-0.35014
2017-02-17,-0.35157
2017-02-20,-0.35214
2017-02-21,-0.35214
2017-02-22,-0.35214
2017-02-23,-0.35071
2017-02-24,-0.35143
2017-02-27,-0.35214
2017-02-28,-0.35286
2017-03-01,-0.35643
2017-03-02,-0.355
2017-03-03,-0.35429
2017-03-06,-0.35214
2017-03-07,-0.35357
2017-03-08,-0.35714
2017-03-09,-0.35714
2017-03-10,-0.35429
2017-03-13,-0.35429
2017-03-14,-0.35429
2017-03-15,-0.35429
2017-03-16,-0.35429
2017-03-17,-0.35429
2017-03-20,-0.35429
2017-03-21,-0.35571
2017-03-22,-0.35571
2017-03-23,-0.35571
2017-03-24,-0.35571
2017-03-27,-0.35571
2017-03-28,-0.35786
2017-03-29,-0.35786
2017-03-30,-0.35571
2017-03-31,-0.35786
2017-04-03,-0.36071
2017-04-04,-0.35929
2017-04-05,-0.35929
2017-04-06,-0.35929
2017-04-07,-0.35786
2017-04-10,-0.36071
2017-04-11,-0.36071
2017-04-12,-0.36071
2017-04-13,-0.35786
2017-04-14,.
2017-04-17,.
2017-04-18,-0.35929
2017-04-19,-0.36071
2017-04-20,-0.36071
2017-04-21,-0.36214
2017-04-24,-0.35857
2017-04-25,-0.36143
2017-04-26,-0.36071
2017-04-27,-0.36071
2017-04-28,-0.36286
2017-05-01,.
2017-05-02,-0.36214
2017-05-03,-0.36214
2017-05-04,-0.36214
2017-05-05,-0.36286
2017-05-08,-0.36429
2017-05-09,-0.36429
2017-05-10,-0.36857
2017-05-11,-0.36714
2017-05-12,-0.36643
2017-05-15,-0.36643
2017-05-16,-0.37071
2017-05-17,-0.37214
2017-05-18,-0.37286
2017-05-19,-0.37286
2017-05-22,-0.36857
2017-05-23,-0.36929
2017-05-24,-0.37
2017-05-25,-0.36929
2017-05-26,-0.36929
2017-05-29,.
2017-05-30,-0.36929
2017-05-31,-0.37
2017-06-01,-0.37
2017-06-02,-0.37
2017-06-05,-0.37
2017-06-06,-0.37
2017-06-07,-0.37
2017-06-08,-0.37071
2017-06-09,-0.37214
2017-06-12,-0.37143
2017-06-13,-0.37143
2017-06-14,-0.37143
2017-06-15,-0.37143
2017-06-16,-0.37286
2017-06-19,-0.37286
2017-06-20,-0.37286
2017-06-21,-0.37286
2017-06-22,-0.37286
2017-06-23,-0.37286
2017-06-26,-0.37286
2017-06-27,-0.37286
2017-06-28,-0.37286
2017-06-29,-0.372
2017-06-30,-0.372
2017-07-03,-0.372
2017-07-04,-0.37357
2017-07-05,-0.375
2017-07-06,-0.375
2017-07-07,-0.375
2017-07-10,-0.37214
2017-07-11,-0.37214
2017-07-12,-0.37229
2017-07-13,-0.37229
2017-07-14,-0.37586
2017-07-17,-0.37157
2017-07-18,-0.37614
2017-07-19,-0.37643
2017-07-20,-0.37643
2017-07-21,-0.37643
2017-07-24,-0.37286
2017-07-25,-0.37286
2017-07-26,-0.37786
2017-07-27,-0.37729
2017-07-28,-0.37729
2017-07-31,-0.37729
2017-08-01,-0.37729
2017-08-02,-0.37729
2017-08-03,-0.373
2017-08-04,-0.37271
2017-08-07,-0.37271
2017-08-08,-0.37271
2017-08-09,-0.37271
2017-08-10,-0.37486
2017-08-11,-0.37771
2017-08-14,-0.37771
2017-08-15,-0.37757
2017-08-16,-0.37757
2017-08-17,-0.37757
2017-08-18,-0.37757
2017-08-21,-0.37329
2017-08-22,-0.37343
2017-08-23,-0.374
2017-08-24,-0.37257
2017-08-25,-0.374
2017-08-28,.
2017-08-29,-0.37257
2017-08-30,-0.37257
2017-08-31,-0.37186
2017-09-01,-0.37329
2017-09-04,-0.37329
2017-09-05,-0.37329
2017-09-06,-0.37329
2017-09-07,-0.37329
2017-09-08,-0.375
2017-09-11,-0.37571
2017-09-12,-0.37571
2017-09-13,-0.37457
2017-09-14,-0.37557
2017-09-15,-0.37657
2017-09-18,-0.378
2017-09-19,-0.378
2017-09-20,-0.37871
2017-09-21,-0.37871
2017-09-22,-0.37829
2017-09-25,-0.37929
2017-09-26,-0.379
2017-09-27,-0.37757
2017-09-28,-0.37957
2017-09-29,-0.37943
2017-10-02,-0.38086
2017-10-03,-0.37786
2017-10-04,-0.37786
2017-10-05,-0.37643
2017-10-06,-0.37643
2017-10-09,-0.37643
2017-10-10,-0.37586
2017-10-11,-0.37586
2017-10-12,-0.37571
2017-10-13,-0.37514
2017-10-16,-0.37514
2017-10-17,-0.37514
2017-10-18,-0.37514
2017-10-19,-0.37729
2017-10-20,-0.37729
2017-10-23,-0.37871
2017-10-24,-0.37943
2017-10-25,-0.38086
2017-10-26,-0.38143
2017-10-27,-0.37857
2017-10-30,-0.38
2017-10-31,-0.37886
2017-11-01,-0.37757
2017-11-02,-0.37757
2017-11-03,-0.37786
2017-11-06,-0.37786
2017-11-07,-0.37786
2017-11-08,-0.37786
2017-11-09,-0.37757
2017-11-10,-0.378
2017-11-13,-0.378
2017-11-14,-0.37814
2017-11-15,-0.37857
2017-11-16,-0.37857
2017-11-17,-0.37857
2017-11-20,-0.37943
2017-11-21,-0.37957
2017-11-22,-0.37957
2017-11-23,-0.37957
2017-11-24,-0.381
2017-11-27,-0.381
2017-11-28,-0.38171
2017-11-29,-0.38171
2017-11-30,-0.38171
2017-12-01,-0.38343
2017-12-04,-0.38343
2017-12-05,-0.38
2017-12-06,-0.37929
2017-12-07,-0.37929
2017-12-08,-0.387
2017-12-11,-0.38643
2017-12-12,-0.38643
2017-12-13,-0.38643
2017-12-14,-0.38429
2017-12-15,-0.38571
2017-12-18,-0.38571
2017-12-19,-0.385
2017-12-20,-0.38686
2017-12-21,-0.38471
2017-12-22,-0.38471
2017-12-25,.
2017-12-26,.
2017-12-27,-0.38471
2017-12-28,-0.38471
2017-12-29,-0.38471
2018-01-01,.
2018-01-02,-0.38471
2018-01-03,-0.38543
2018-01-04,-0.38357
2018-01-05,-0.38143
2018-01-08,-0.38071
2018-01-09,-0.38071
2018-01-10,-0.38086
2018-01-11,-0.381
2018-01-12,-0.381
2018-01-15,-0.38129
2018-01-16,-0.38129
2018-01-17,-0.38129
2018-01-18,-0.38129
2018-01-19,-0.38143
2018-01-22,-0.38143
2018-01-23,-0.38286
2018-01-24,-0.38286
2018-01-25,-0.38286
2018-01-26,-0.38286
2018-01-29,-0.38157
2018-01-30,-0.377
2018-01-31,-0.377
2018-02-01,-0.37843
2018-02-02,-0.37986
2018-02-05,-0.38071
2018-02-06,-0.38071
2018-02-07,-0.38214
2018-02-08,-0.38214
2018-02-09,-0.38214
2018-02-12,-0.38286
2018-02-13,-0.38286
2018-02-14,-0.38
2018-02-15,-0.38
2018-02-16,-0.376
2018-02-19,-0.37657
2018-02-20,-0.378
2018-02-21,-0.38443
2018-02-22,-0.37543
2018-02-23,-0.38
2018-02-26,-0.38
2018-02-27,-0.37929
2018-02-28,-0.37929
2018-03-01,-0.37929
2018-03-02,-0.37929
2018-03-05,-0.37929
2018-03-06,-0.37929
2018-03-07,-0.37929
2018-03-08,-0.37929
2018-03-09,-0.37929
2018-03-12,-0.37929
2018-03-13,-0.37929
2018-03-14,-0.37929
2018-03-15,-0.37929
2018-03-16,-0.37929
2018-03-19,-0.38929
2018-03-20,-0.38929
2018-03-21,-0.38929
2018-03-22,-0.38643
2018-03-23,-0.38143
2018-03-26,-0.37786
2018-03-27,-0.37643
2018-03-28,-0.37429
2018-03-29,-0.37071
2018-03-30,.
2018-04-02,.
2018-04-03,-0.36429
2018-04-04,-0.36429
2018-04-05,-0.36429
2018-04-06,-0.36571
2018-04-09,-0.36571
2018-04-10,-0.36571
2018-04-11,-0.36571
2018-04-12,-0.36571
2018-04-13,-0.365
2018-04-16,-0.365
2018-04-17,-0.365
2018-04-18,-0.365
2018-04-19,-0.365
2018-04-20,-0.365
2018-04-23,-0.365
2018-04-24,-0.365
2018-04-25,-0.36357
2018-04-26,-0.36357
2018-04-27,-0.35571
2018-04-30,-0.35571
2018-05-01,-0.35571
2018-05-02,-0.35571
2018-05-03,-0.35429
2018-05-04,-0.35329
2018-05-07,.
2018-05-08,-0.35329
2018-05-09,-0.35257
2018-05-10,-0.35086
2018-05-11,-0.35086
2018-05-14,-0.35057
2018-05-15,-0.35057
2018-05-16,-0.352
2018-05-17,-0.35343
2018-05-18,-0.35343
2018-05-21,-0.35343
2018-05-22,-0.352
2018-05-23,-0.352
2018-05-24,-0.352
2018-05-25,-0.352
2018-05-28,.
2018-05-29,-0.35129
2018-05-30,-0.35129
2018-05-31,-0.35057
2018-06-01,-0.35057
2018-06-04,-0.35057
2018-06-05,-0.35057
2018-06-06,-0.35029
2018-06-07,-0.35171
2018-06-08,-0.35171
2018-06-11,-0.35171
2018-06-12,-0.35029
2018-06-13,-0.35029
2018-06-14,-0.34886
2018-06-15,-0.35429
2018-06-18,-0.35571
2018-06-19,-0.36286
2018-06-20,-0.366
2018-06-21,-0.366
2018-06-22,-0.36786
2018-06-25,-0.36829
2018-06-26,-0.36714
2018-06-27,-0.365
2018-06-28,-0.36357
2018-06-29,-0.35714
2018-07-02,-0.35686
2018-07-03,-0.35686
2018-07-04,-0.35843
2018-07-05,-0.35686
2018-07-06,-0.35686
2018-07-09,-0.357
2018-07-10,-0.35543
2018-07-11,-0.35643
2018-07-12,-0.35771
2018-07-13,-0.35786
2018-07-16,-0.35786
2018-07-17,-0.358
2018-07-18,-0.35771
2018-07-19,-0.35771
2018-07-20,-0.35557
2018-07-23,-0.35614
2018-07-24,-0.35643
2018-07-25,-0.35643
2018-07-26,-0.35557
2018-07-27,-0.35557
2018-07-30,-0.35871
2018-07-31,-0.359
2018-08-01,-0.359
2018-08-02,-0.359
2018-08-03,-0.36057
2018-08-06,-0.36057
2018-08-07,-0.36029
2018-08-08,-0.36029
2018-08-09,-0.36043
2018-08-10,-0.36114
2018-08-13,-0.361
2018-08-14,-0.36114
2018-08-15,-0.36129
2018-08-16,-0.36129
2018-08-17,-0.36271
2018-08-20,-0.36271
2018-08-21,-0.36057
2018-08-22,-0.36043
2018-08-23,-0.36214
2018-08-24,-0.36057
2018-08-27,.
2018-08-28,-0.36086
2018-08-29,-0.36243
2018-08-30,-0.35843
2018-08-31,-0.35286
2018-09-03,-0.35271
2018-09-04,-0.35314
2018-09-05,-0.35486
2018-09-06,-0.35486
2018-09-07,-0.35643
2018-09-10,-0.35614
2018-09-11,-0.35643
2018-09-12,-0.35643
2018-09-13,-0.35686
2018-09-14,-0.35643
2018-09-17,-0.35471
2018-09-18,-0.35214
2018-09-19,-0.35243
2018-09-20,-0.35186
2018-09-21,-0.35257
2018-09-24,-0.35186
2018-09-25,-0.352
2018-09-26,-0.35614
2018-09-27,-0.359
2018-09-28,-0.353
2018-10-01,-0.35543
2018-10-02,-0.35743
2018-10-03,-0.35186
2018-10-04,-0.35214
2018-10-05,-0.35829
2018-10-08,-0.35029
2018-10-09,-0.35229
2018-10-10,-0.36029
2018-10-11,-0.34871
2018-10-12,-0.34757
2018-10-15,-0.34886
2018-10-16,-0.34829
2018-10-17,-0.35086
2018-10-18,-0.352
2018-10-19,-0.35486
2018-10-22,-0.35314
2018-10-23,-0.35271
2018-10-24,-0.34771
2018-10-25,-0.349
2018-10-26,-0.35486
2018-10-29,-0.35714
2018-10-30,-0.35614
2018-10-31,-0.35586
2018-11-01,-0.35186
2018-11-02,-0.35457
2018-11-05,-0.35157
2018-11-06,-0.35257
2018-11-07,-0.35886
2018-11-08,-0.35629
2018-11-09,-0.35829
2018-11-12,-0.35814
2018-11-13,-0.35871
2018-11-14,-0.36714
2018-11-15,-0.36943
2018-11-16,-0.36871
2018-11-19,-0.36029
2018-11-20,-0.35943
2018-11-21,-0.35771
2018-11-22,-0.36714
2018-11-23,-0.36686
2018-11-26,-0.35786
2018-11-27,-0.36229
2018-11-28,-0.363
2018-11-29,-0.35857
2018-11-30,-0.359
2018-12-03,-0.35486
2018-12-04,-0.34286
2018-12-05,-0.34871
2018-12-06,-0.35314
2018-12-07,-0.35443
2018-12-10,-0.35729
2018-12-11,-0.35729
2018-12-12,-0.35586
2018-12-13,-0.35543
2018-12-14,-0.35571
2018-12-17,-0.35214
2018-12-18,-0.34971
2018-12-19,-0.34986
2018-12-20,-0.35114
2018-12-21,-0.34829
2018-12-24,-0.35529
2018-12-25,.
2018-12-26,.
2018-12-27,-0.35143
2018-12-28,-0.35829
2018-12-31,-0.35571
2019-01-01,.
2019-01-02,-0.34557
2019-01-03,-0.34543
2019-01-04,-0.34457
2019-01-07,-0.34143
2019-01-08,-0.33457
2019-01-09,-0.33586
2019-01-10,-0.33086
2019-01-11,-0.32857
2019-01-14,-0.32871
2019-01-15,-0.333
2019-01-16,-0.33343
2019-01-17,-0.33357
2019-01-18,-0.34014
2019-01-21,-0.331
2019-01-22,-0.33271
2019-01-23,-0.32371
2019-01-24,-0.326
2019-01-25,-0.33357
2019-01-28,-0.33543
2019-01-29,-0.33729
2019-01-30,-0.34286
2019-01-31,-0.34386
2019-02-01,-0.34186
2019-02-04,-0.33943
2019-02-05,-0.33914
2019-02-06,-0.332
2019-02-07,-0.33157
2019-02-08,-0.33243
2019-02-11,-0.33357
2019-02-12,-0.332
2019-02-13,-0.34443
2019-02-14,-0.34257
2019-02-15,-0.33714
2019-02-18,-0.347
2019-02-19,-0.34557
2019-02-20,-0.34443
2019-02-21,-0.33586
2019-02-22,-0.33643
2019-02-25,-0.33657
2019-02-26,-0.33671
2019-02-27,-0.337
2019-02-28,-0.341
2019-03-01,-0.34071
2019-03-04,-0.33329
2019-03-05,-0.33643
2019-03-06,-0.332
2019-03-07,-0.33186
2019-03-08,-0.33014
2019-03-11,-0.32986
2019-03-12,-0.33143
2019-03-13,-0.33171
2019-03-14,-0.33171
2019-03-15,-0.34171
2019-03-18,-0.33843
2019-03-19,-0.34386
2019-03-20,-0.33443
2019-03-21,-0.33971
2019-03-22,-0.33571
2019-03-25,-0.33457
2019-03-26,-0.34286
2019-03-27,-0.34786
2019-03-28,-0.34586
2019-03-29,-0.348
2019-04-01,-0.34386
2019-04-02,-0.339
2019-04-03,-0.34514
2019-04-04,-0.34829
2019-04-05,-0.35886
2019-04-08,-0.36029
2019-04-09,-0.35786
2019-04-10,-0.35629
2019-04-11,-0.34857
2019-04-12,-0.36043
2019-04-15,-0.34771
2019-04-16,-0.34671
2019-04-17,-0.34814
2019-04-18,-0.35
2019-04-19,.
2019-04-22,.
2019-04-23,-0.35157
2019-04-24,-0.34757
2019-04-25,-0.348
2019-04-26,-0.36071
2019-04-29,-0.35671
2019-04-30,-0.34614
2019-05-01,-0.341
2019-05-02,-0.34757
2019-05-03,-0.34443
2019-05-06,.
2019-05-07,-0.353
2019-05-08,-0.35329
2019-05-09,-0.355
2019-05-10,-0.35857
2019-05-13,-0.364
2019-05-14,-0.35929
2019-05-15,-0.36414
2019-05-16,-0.36514
2019-05-17,-0.354
2019-05-20,-0.35443
2019-05-21,-0.35971
2019-05-22,-0.359
2019-05-23,-0.359
2019-05-24,-0.35929
2019-05-27,.
2019-05-28,-0.35057
2019-05-29,-0.35129
2019-05-30,-0.35229
2019-05-31,-0.34329
2019-06-03,-0.35229
2019-06-04,-0.35457
2019-06-05,-0.36614
2019-06-06,-0.37114
2019-06-07,-0.36686
2019-06-10,-0.36629
2019-06-11,-0.36414
2019-06-12,-0.366
2019-06-13,-0.35886
2019-06-14,-0.35886
2019-06-17,-0.36014
2019-06-18,-0.37314
2019-06-19,-0.37543
2019-06-20,-0.37614
2019-06-21,-0.37771
2019-06-24,-0.37871
2019-06-25,-0.37971
2019-06-26,-0.38571
2019-06-27,-0.38186
2019-06-28,-0.39143
2019-07-01,-0.39186
2019-07-02,-0.39229
2019-07-03,-0.392
2019-07-04,-0.39314
2019-07-05,-0.39529
2019-07-08,-0.391
2019-07-09,-0.399
2019-07-10,-0.39857
2019-07-11,-0.40486
2019-07-12,-0.4
2019-07-15,-0.401
2019-07-16,-0.40543
2019-07-17,-0.40114
2019-07-18,-0.40614
2019-07-19,-0.41429
2019-07-22,-0.40243
2019-07-23,-0.40714
2019-07-24,-0.417
2019-07-25,-0.42014
2019-07-26,-0.40114
2019-07-29,-0.40229
2019-07-30,-0.41743
2019-07-31,-0.41971
2019-08-01,-0.41529
2019-08-02,-0.41171
2019-08-05,-0.41343
2019-08-06,-0.416
2019-08-07,-0.42
2019-08-08,-0.42286
2019-08-09,-0.41714
2019-08-12,-0.41786
2019-08-13,-0.425
2019-08-14,-0.42586
2019-08-15,-0.42986
2019-08-16,-0.44271
2019-08-19,-0.44286
2019-08-20,-0.44714
2019-08-21,-0.45843
2019-08-22,-0.45471
2019-08-23,-0.44871
2019-08-26,.
2019-08-27,-0.44729
2019-08-28,-0.45486
2019-08-29,-0.45814
2019-08-30,-0.47257
2019-09-02,-0.48114
2019-09-03,-0.48186
2019-09-04,-0.48086
2019-09-05,-0.481
2019-09-06,-0.48229
2019-09-09,-0.48086
2019-09-10,-0.47186
2019-09-11,-0.46214
2019-09-12,-0.46571
2019-09-13,-0.42286
2019-09-16,-0.42171
2019-09-17,-0.431
2019-09-18,-0.421
2019-09-19,-0.41914
2019-09-20,-0.42271
2019-09-23,-0.42529
2019-09-24,-0.42314
2019-09-25,-0.42657
2019-09-26,-0.42871
2019-09-27,-0.43686
2019-09-30,-0.44071
2019-10-01,-0.44629
2019-10-02,-0.44871
2019-10-03,-0.44743
2019-10-04,-0.44286
2019-10-07,-0.442
2019-10-08,-0.443
2019-10-09,-0.44129
2019-10-10,-0.44257
2019-10-11,-0.44014
2019-10-14,-0.43686
2019-10-15,-0.435
2019-10-16,-0.43429
2019-10-17,-0.43957
2019-10-18,-0.43529
2019-10-21,-0.43214
2019-10-22,-0.43
2019-10-23,-0.432
2019-10-24,-0.43
2019-10-25,-0.43129
2019-10-28,-0.435
2019-10-29,-0.43586
2019-10-30,-0.43743
2019-10-31,-0.44
2019-11-01,-0.44129
2019-11-04,-0.44214
2019-11-05,-0.44471
2019-11-06,-0.446
2019-11-07,-0.43671
2019-11-08,-0.43729
2019-11-11,-0.43714
2019-11-12,-0.43757
2019-11-13,-0.437
2019-11-14,-0.43571
2019-11-15,-0.43657
2019-11-18,-0.43986
2019-11-19,-0.44743
2019-11-20,-0.448
2019-11-21,-0.44614
2019-11-22,-0.445
2019-11-25,-0.442
2019-11-26,-0.43529
2019-11-27,-0.43471
2019-11-28,-0.43443
2019-11-29,-0.434
2019-12-02,-0.434
2019-12-03,-0.45171
2019-12-04,-0.448
2019-12-05,-0.44943
2019-12-06,-0.44271
2019-12-09,-0.43857
2019-12-10,-0.43686
2019-12-11,-0.43643
2019-12-12,-0.43486
2019-12-13,-0.43729
2019-12-16,-0.43286
2019-12-17,-0.43571
2019-12-18,-0.43129
2019-12-19,-0.43171
2019-12-20,-0.42029
2019-12-23,-0.42729
2019-12-24,-0.42629
2019-12-25,.
2019-12-26,.
2019-12-27,-0.42029
2019-12-30,-0.41871
2019-12-31,-0.41429
2020-01-01,.
2020-01-02,-0.407
2020-01-03,-0.40986
2020-01-06,-0.41714
2020-01-07,-0.42471
2020-01-08,-0.41643
2020-01-09,-0.41571
2020-01-10,-0.42329
2020-01-13,-0.42414
2020-01-14,-0.42114
2020-01-15,-0.42143
2020-01-16,-0.41871
2020-01-17,-0.424
2020-01-20,-0.42014
2020-01-21,-0.42
2020-01-22,-0.41957
2020-01-23,-0.41886
2020-01-24,-0.42386
2020-01-27,-0.429
2020-01-28,-0.42243
2020-01-29,-0.42243
2020-01-30,-0.42143
2020-01-31,-0.41643
2020-02-03,-0.423
2020-02-04,-0.42643
2020-02-05,-0.42657
2020-02-06,-0.42329
2020-02-07,-0.42314
2020-02-10,-0.425
2020-02-11,-0.43114
2020-02-12,-0.43271
2020-02-13,-0.43429
2020-02-14,-0.43557
2020-02-17,-0.43371
2020-02-18,-0.43343
2020-02-19,-0.43329
2020-02-20,-0.44043
2020-02-21,-0.44086
2020-02-24,-0.44086
2020-02-25,-0.45029
2020-02-26,-0.45571
2020-02-27,-0.45957
2020-02-28,-0.47129
2020-03-02,-0.49443
2020-03-03,-0.48714
2020-03-04,-0.49157
2020-03-05,-0.49657
2020-03-06,-0.51829
2020-03-09,-0.526
2020-03-10,-0.50957
2020-03-11,-0.53914
2020-03-12,-0.52143
2020-03-13,-0.42729
2020-03-16,-0.41971
2020-03-17,-0.39543
2020-03-18,-0.38514
2020-03-19,-0.37657
2020-03-20,-0.353
2020-03-23,-0.31
2020-03-24,-0.31686
2020-03-25,-0.30771
2020-03-26,-0.29571
2020-03-27,-0.28914
2020-03-30,-0.26471
2020-03-31,-0.25471
2020-04-01,-0.24729
2020-04-02,-0.24114
2020-04-03,-0.23243
2020-04-06,-0.23157
2020-04-07,-0.23343
2020-04-08,-0.22229
2020-04-09,-0.21243
2020-04-10,.
2020-04-13,.
2020-04-14,-0.21857
2020-04-15,-0.21686
2020-04-16,-0.19257
2020-04-17,-0.18214
2020-04-20,-0.16714
2020-04-21,-0.15757
2020-04-22,-0.14243
2020-04-23,-0.14757
2020-04-24,-0.152
2020-04-27,-0.17357
2020-04-28,-0.16457
2020-04-29,-0.174
2020-04-30,-0.185
2020-05-01,-0.17071
2020-05-04,-0.17414
2020-05-05,-0.20486
2020-05-06,-0.217
2020-05-07,-0.24243
2020-05-08,.
2020-05-11,-0.22457
2020-05-12,-0.23071
2020-05-13,-0.24329
2020-05-14,-0.258
2020-05-15,-0.263
2020-05-18,-0.26586
2020-05-19,-0.29186
2020-05-20,-0.30886
2020-05-21,-0.31086
2020-05-22,-0.32314
2020-05-25,.
2020-05-26,-0.322
2020-05-27,-0.33471
2020-05-28,-0.34714
2020-05-29,-0.34657
2020-06-01,-0.35
2020-06-02,-0.367
2020-06-03,-0.36129
2020-06-04,-0.35471
2020-06-05,-0.37843
2020-06-08,-0.381
2020-06-09,-0.37886
2020-06-10,-0.37171
2020-06-11,-0.37743
2020-06-12,-0.39229
2020-06-15,-0.39414
2020-06-16,-0.40029
2020-06-17,-0.40743
2020-06-18,-0.40771
2020-06-19,-0.41457
2020-06-22,-0.40971
2020-06-23,-0.40571
2020-06-24,-0.40143
2020-06-25,-0.38571
2020-06-26,-0.39186
2020-06-29,-0.42829
2020-06-30,-0.422
2020-07-01,-0.41129
2020-07-02,-0.39886
2020-07-03,-0.42329
2020-07-06,-0.43514
2020-07-07,-0.42786
2020-07-08,-0.43157
2020-07-09,-0.43929
2020-07-10,-0.43814
2020-07-13,-0.44114
2020-07-14,-0.43914
2020-07-15,-0.45471
2020-07-16,-0.45171
2020-07-17,-0.44414
2020-07-20,-0.44114
2020-07-21,-0.445
2020-07-22,-0.43643
2020-07-23,-0.437
2020-07-24,-0.43543
2020-07-27,-0.444
2020-07-28,-0.44571
2020-07-29,-0.44529
2020-07-30,-0.44057
2020-07-31,-0.44471
2020-08-03,-0.45157
2020-08-04,-0.45771
2020-08-05,-0.46943
2020-08-06,-0.46857
2020-08-07,-0.47086
2020-08-10,-0.47543
2020-08-11,-0.49671
2020-08-12,-0.50186
2020-08-13,-0.505
2020-08-14,-0.51343
2020-08-17,-0.513
2020-08-18,-0.51314
2020-08-19,-0.51471
2020-08-20,-0.51486
2020-08-21,-0.515
2020-08-24,-0.51243
2020-08-25,-0.51657
2020-08-26,-0.513
2020-08-27,-0.51029
2020-08-28,-0.50871
2020-08-31,.
2020-09-01,-0.50586
2020-09-02,-0.50457
2020-09-03,-0.50114
2020-09-04,-0.50671
2020-09-07,-0.51314
2020-09-08,-0.51614
2020-09-09,-0.51786
2020-09-10,-0.512
2020-09-11,-0.50743
2020-09-14,-0.51043
2020-09-15,-0.51314
2020-09-16,-0.52129
2020-09-17,-0.51843
2020-09-18,-0.52186
2020-09-21,-0.51729
2020-09-22,-0.51914
2020-09-23,-0.51843
2020-09-24,-0.51671
2020-09-25,-0.51329
2020-09-28,-0.51657
2020-09-29,-0.51157
2020-09-30,-0.51971
2020-10-01,-0.52529
2020-10-02,-0.52771
2020-10-05,-0.52857
2020-10-06,-0.52657
2020-10-07,-0.52057
2020-10-08,-0.51986
2020-10-09,-0.52286
2020-10-12,-0.52743
2020-10-13,-0.53014
2020-10-14,-0.52929
2020-10-15,-0.53229
2020-10-16,-0.54029
2020-10-19,-0.53586
2020-10-20,-0.53314
2020-10-21,-0.51971
2020-10-22,-0.53071
2020-10-23,-0.52686
2020-10-26,-0.52771
2020-10-27,-0.53043
2020-10-28,-0.52557
2020-10-29,-0.52957
2020-10-30,-0.52971
2020-11-02,-0.53529
2020-11-03,-0.535
2020-11-04,-0.54486
2020-11-05,-0.53657
2020-11-06,-0.53843
2020-11-09,-0.54143
2020-11-10,-0.53686
2020-11-11,-0.53857
2020-11-12,-0.53286
2020-11-13,-0.53857
2020-11-16,-0.53971
2020-11-17,-0.54629
2020-11-18,-0.54543
2020-11-19,-0.54329
2020-11-20,-0.54386
2020-11-23,-0.54271
2020-11-24,-0.54814
2020-11-25,-0.54429
2020-11-26,-0.54643
2020-11-27,-0.54529
2020-11-30,-0.55157
2020-12-01,-0.55043
2020-12-02,-0.54843
2020-12-03,-0.55414
2020-12-04,-0.55286
2020-12-07,-0.55614
2020-12-08,-0.56843
2020-12-09,-0.56857
2020-12-10,-0.56443
2020-12-11,-0.57229
2020-12-14,-0.56543
2020-12-15,-0.568
2020-12-16,-0.56586
2020-12-17,-0.56914
2020-12-18,-0.56829
2020-12-21,-0.56829
2020-12-22,-0.573
2020-12-23,-0.57386
2020-12-24,-0.56357
2020-12-25,.
2020-12-28,.
2020-12-29,-0.56186
2020-12-30,-0.56629
2020-12-31,-0.56629
2021-01-01,.
2021-01-04,-0.56257
2021-01-05,-0.55943
2021-01-06,-0.56671
2021-01-07,-0.56714
2021-01-08,-0.57086
2021-01-11,-0.56471
2021-01-12,-0.55914
2021-01-13,-0.55271
2021-01-14,-0.55314
2021-01-15,-0.55557
2021-01-18,-0.55529
2021-01-19,-0.55386
2021-01-20,-0.55157
2021-01-21,-0.548
2021-01-22,-0.545
2021-01-25,-0.55029
2021-01-26,-0.54557
2021-01-27,-0.54171
2021-01-28,-0.54329
2021-01-29,-0.54343
2021-02-01,-0.54329
2021-02-02,-0.546
2021-02-03,-0.55814
2021-02-04,-0.55729
2021-02-05,-0.55429
2021-02-08,-0.53786
2021-02-09,-0.544
2021-02-10,-0.54643
2021-02-11,-0.55014
2021-02-12,-0.55043
2021-02-15,-0.55129
2021-02-16,-0.54714
2021-02-17,-0.54771
2021-02-18,-0.55129
2021-02-19,-0.54971
2021-02-22,-0.54657
2021-02-23,-0.55
2021-02-24,-0.55429
2021-02-25,-0.55271
2021-02-26,-0.55171
2021-03-01,-0.55114
