,0,1,2
0,0.0,0.0,0.0
1,5630532.9500840595,7298708.396289005,1652687.8295525042
2,5629150.172112806,7297108.107180195,-259449.40777396248
3,5631617.492514836,7300097.785956264,-356746.0679119131
4,5631454.783696919,7299906.312975896,969645.380401063
5,5632559.6886454495,7301413.904401237,113779.98875072609
6,5634483.441438134,7303831.256127011,-226596.84122819835
7,5637483.403822043,7308444.494717746,2198922.3267917032
8,5627961.354024277,7297253.391254676,708353.3498089088
9,5627978.94552736,7297400.001625854,4862126.151335846
10,5586217.530027685,7244235.825846667,8254063.400304026
11,5464056.782231229,7087185.878094842,-3331095.489295823
12,5452122.550369633,7070665.418359751,-575757.1167144519
13,5454130.519283885,7073802.684653851,222642.4661695307
14,5458234.965398306,7080087.047851116,-3979654.891159013
15,5449140.08582274,7068111.079635825,-450617.12259264354
16,5448756.319858468,7067657.695590386,-866652.058173366
17,5447880.514987811,7066483.522232556,-960195.8178268524
18,5447263.920001413,7065507.444034001,804684.3157172833
19,5474130.641895266,7099813.85205328,-360398.146478842
20,5473599.882371554,7099247.610016689,-1778195.6250121244
21,5472033.99883895,7097308.275082495,429999.8795399849
22,5470743.669875994,7095914.316693129,-31808.983152548768
23,5470855.124031199,7096119.949848182,72655.04475715313
24,5484379.466154237,7113178.046877036,831337.2559624432
25,5482259.295094836,7110751.026796266,1266504.854044586
26,5486192.350575106,7115855.724382472,85632.87797503438
27,5494550.406035342,7127859.210030378,-643248.6757317787
28,5494293.599314507,7127464.498053366,161580.94875402094
29,5506647.670646622,7144868.146364348,2403624.089701024
30,5495946.1255479995,7132305.290599434,-456851.7618219784
31,5495448.372723365,7131926.98924547,-88786.80654185214
32,5496621.70588122,7134096.368612814,487230.07255782536
33,5494873.775049684,7132347.476669786,377177.47920414177
34,5493796.521741022,7131200.279701678,796275.0164304087
35,5496372.211518216,7134557.622716798,-1986376.706767222
36,5492880.87880992,7129460.395847339,-1084165.609056754
37,5498898.01932299,7136641.018510439,1026234.4865718356
38,5508120.048327706,7148438.828366508,-1103223.2075986238
39,5506676.804436534,7146573.3691801485,-1576033.3181572903
40,5504706.591367204,7144077.046127582,303352.1053497135
41,5505545.507868911,7145969.262012407,-1032213.4890434291
42,5504665.040084583,7144668.312492175,194337.96625448813
43,5503935.705266184,7144276.558823112,1243394.5711741252
44,5499155.824795718,7138715.343777831,1109778.0176013475
45,5495305.487251058,7134490.658436993,695323.9982170345
46,5494085.664570177,7133162.6015406465,1351152.6294676105
47,5489621.859469366,7127842.036321276,-617745.3257586865
48,5496274.525672701,7136006.109305198,-108534.49885418928
49,5533141.808792498,7182955.178825701,2208704.4591288567
50,5523048.427863683,7171036.0935418075,31508.53798287388
51,5524342.197969787,7172697.893194727,-244885.7316477197
52,5523618.562689678,7172035.856824556,-1472801.075550849
53,5521190.558093963,7168807.4669953985,-37089.26550841101
54,5535810.572957861,7187255.798523831,315171.3137458107
55,5552015.0683924155,7207813.527588762,-1449614.3074270436
56,5593316.832449584,7260019.338032944,419339.14681147074
57,5686399.145646052,7379657.814204358,2544566.450469463
58,5677016.7527294485,7369032.1593118645,1048565.8080278604
59,5673259.0348936645,7364773.782624125,935370.581701781
60,5690478.623482983,7389028.532837982,-12543.573152214994
61,5694339.1125844,7394952.957315552,195445.79613804244
62,5695925.768300395,7397003.292995931,-1111272.7002399636
63,5734525.441761061,7445836.819200527,360788.3900896707
64,5733120.949150981,7444353.4761167895,391645.4089868384
65,5743834.88427507,7459697.642807299,-594601.2203677817
66,5769186.9309828915,7491686.713723946,-529413.2851275265
67,5768911.725859343,7491333.682588453,1887237.3126228736
68,5761824.395481061,7482711.14144091,330374.6739050059
69,5790703.392002897,7522287.681498209,-1655729.6344379787
70,5806830.324542621,7542090.9279346485,-101125.4228177454
71,5810838.129827537,7547087.250051002,780396.2022817127
72,5809878.640127621,7546083.531103093,-862198.0330152272
73,5809646.7327174945,7546102.325328066,1350768.3924777089
74,5811974.327861484,7550611.449922587,-764663.7245213436
75,5811069.616024741,7549605.795360791,-2070985.4229738945
76,5818903.301714903,7558657.479847161,-800438.2393010458
77,5825586.43857269,7566792.366659149,-1062702.8134629424
78,5840594.899737948,7585396.750074329,-867062.6468881351
79,5850110.126587842,7597085.691376618,-185063.9954953449
80,5869158.78293057,7623407.924506989,-1321186.3319912727
81,5867337.592435608,7621095.210361857,-390677.14023485663
82,5866705.738349113,7620609.867508372,-548299.2729444236
83,5883279.250403419,7643525.194852715,304047.56888005376
84,5882051.996785135,7642519.936358816,972841.7063564524
85,5880003.976285028,7640811.298914428,-174763.11132043827
86,5880354.095113408,7641297.248876696,876293.8902023203
87,5877374.508247276,7638129.3786833575,-245345.32260640943
88,5881664.151738808,7643444.731932944,1877857.530488185
89,5879371.359625009,7640768.404454793,-1755286.4725735688
90,5886585.673205185,7650858.575122547,-662094.5779800459
91,5886147.250561107,7650626.263681677,-1260691.023336871
92,5884704.674163606,7648556.381495033,433386.6605677559
93,5884687.805003536,7648693.773181462,343839.3237694117
94,5883510.788962979,7647789.795171444,578510.5506171801
95,5886546.536228252,7652886.164103118,507543.5960884437
96,5895324.029191599,7665721.061853154,1337446.236930217
97,5890571.373069835,7660132.727005404,-1428919.0615594063
98,5891836.490121384,7661252.562653634,2623403.6617687955
99,5878214.867299524,7644810.402291451,3775904.342004517
100,5852216.568282474,7612224.686560616,4162986.2267356273
101,5820598.231851504,7572499.182360909,3160745.668879165
102,5802815.510402763,7550272.824985474,4719698.993069743
103,5767612.437508271,7506707.513339948,1389839.71506342
104,5762299.447004876,7500423.24124075,-1197706.0845954986
105,5760883.957855735,7498474.329684334,-2825186.796738136
106,5751915.7940987125,7486234.030890034,-337572.28803768166
107,5751201.040002408,7485491.663619416,213127.70895767712
108,5749958.158539383,7484387.027539267,-62180.44351112161
109,5756498.223908517,7492584.607997045,4394903.271506986
110,5727120.9787381,7455300.803080896,2782744.9027550253
111,5711825.095341068,7436328.834483282,216306.1730046812
112,5721926.336056216,7450821.980977356,-1131651.23177788
113,5720824.468348303,7449242.904466251,-92046.72496452148
114,5721101.723127278,7450230.682809188,209443.76681863813
115,5719996.402339017,7449355.082333084,-468652.0371738656
116,5721213.406656231,7450814.877827761,-1835985.1900081015
117,5717626.665999332,7445973.965964614,-1960198.954831262
118,5713700.246448903,7440758.802475053,-3091827.231326795
119,5704394.676510866,7427707.812505361,-1685518.6943762596
120,5704383.043067757,7427101.317756438,2797332.414016804
121,5688222.289394328,7407177.880242039,3953171.5473589343
122,5659110.90665963,7370555.276194055,1681515.6681673646
123,5696149.419811345,7418153.716312708,-3931777.122846247
124,5688461.3840484,7406457.94382361,-1091518.7766012638
125,5687120.2061089715,7404836.101499616,1647317.5272709394
126,5690091.929875509,7408795.623851655,2192803.56784854
127,5680583.552583423,7397123.044201695,-739964.9382681472
128,5689977.034816542,7408724.030439463,-568261.2984845185
129,5700791.316082325,7422185.645591039,-1334496.4901545455
130,5704501.909255971,7426386.644249029,-2645970.156299104
131,5699885.680539771,7420390.228787292,1234924.1965271265
132,5712137.272640048,7438188.394433669,1574473.465096816
133,5708453.914850738,7433799.156354561,4749027.35171807
134,5670505.2979347315,7385595.442846886,-255793.13897310648
135,5670020.898967968,7385111.31426976,-5260123.514339559
136,5644416.124238893,7351184.881066187,981851.3035468
137,5642040.983907498,7348468.927319624,-439325.138051795
138,5643411.322212042,7350874.7022815,264182.5114990088
139,5644097.824988888,7351855.943030486,1112823.695854832
140,5662014.70983084,7374792.462549694,3032853.0596048958
141,5644233.922960627,7353102.569037148,-2040408.498957308
142,5648888.570111734,7358181.375282447,-3237435.241794718
143,5665622.977372328,7378072.852543616,-1195782.936736025
144,5676781.942658915,7391750.944429237,-1664881.1144729974
145,5675706.116004555,7389840.987078387,-504646.94776598143
146,5678220.8529166505,7393815.567684996,-199889.17369081665
147,5689425.896917633,7407893.611451134,468595.0946427731
148,5705964.068446485,7428936.062692601,-1157790.201253795
149,5705845.354828933,7428494.070782653,1017266.1391374976
150,5703424.442841712,7426303.648854263,-457184.575383036
151,5737232.817404899,7469215.908140369,1573037.9505602345
152,5731129.90374919,7462257.89658314,-1459203.9773894085
153,5769868.670961735,7514435.227377928,-2650278.6095731785
154,5762010.948991215,7503621.340783536,1157989.7399460375
155,5758787.405838054,7499876.386202367,-22099.89415476859
156,5759798.7312947605,7501933.311154059,-3297856.84650188
157,5749137.147821321,7487031.017138125,-684916.4818434542
158,5766217.439530553,7510599.89644411,3098896.597000824
159,5747475.529019848,7487374.749394216,3075076.8039233987
160,5739442.538411795,7477383.8163202945,556101.9871669004
161,5749275.38762345,7489908.067652859,-2049513.4878584016
162,5744658.506499396,7483711.933504351,192703.33006066812
163,5748000.864083664,7487957.5056947535,-303866.8514728868
164,5751372.066237775,7492117.900264926,844876.642145753
165,5803487.603988512,7558953.433695487,1401025.6140319044
166,5797998.266427125,7552548.314581872,-1383179.162793585
167,5809664.98040671,7566785.757971904,-331295.025697048
168,5865087.191368016,7641385.610377581,979600.941599802
169,5861584.783200816,7637460.362286029,181990.83074502647
170,5862278.5115616415,7639153.277829452,995793.3833016452
171,5862886.110918835,7641151.70661073,2048116.855308096
172,5859167.69340132,7636683.20538982,3044349.8794520926
173,5849446.952418666,7626053.985964719,844758.9119943792
174,5849816.297660849,7626695.022911576,1507650.7347460932
175,5854525.52056987,7632842.7146731075,-465172.135892908
176,5855244.699606462,7634334.023449743,-3614574.2772173737
177,5841533.515597411,7615989.265903156,-2130856.778982069
178,5838354.492988139,7611906.78456975,-3475471.714268721
179,5829583.304283013,7600339.4603420645,-658849.235283437
180,5837782.551692182,7611999.714663157,-1207783.902938367
181,5836101.876681809,7609751.533349469,-1411287.2456475594
182,5833854.480172705,7606772.075066137,649799.9980966558
183,5831481.5169285275,7604208.146603425,-817043.0803480181
184,5835806.45759686,7609388.489594878,1111095.4784211195
185,5831832.181564367,7604820.097544791,260112.9879011369
186,5836659.799413947,7610937.750542296,651691.1248014693
187,5838742.694720174,7614786.281368439,-211408.5145606585
188,5839536.534813936,7616456.02481073,1790919.7177295375
189,5835190.129385587,7611224.418918211,438948.9117579746
190,5834248.433114467,7610257.380707172,847929.570156758
191,5831708.4773273375,7607750.333207462,-2204922.311745131
192,5826618.088898646,7600688.255205212,-701991.8414245379
193,5826722.436649543,7601239.627433388,-782691.6999561347
194,5827959.209420847,7602603.878174229,-1544933.552853542
195,5831060.5479174135,7605934.145365283,-775989.4028943991
196,5830094.870177714,7604819.830576135,-1243921.3561512115
197,5828356.658047799,7602577.768122656,-2405274.2319895634
198,5826772.736355631,7599568.3722416395,744376.1539652094
199,5842188.199988145,7619196.064370379,80968.92302484826
200,5841293.958191112,7618506.337517114,-1377670.8855978756
201,5854352.800528808,7634490.627561918,331437.8362800582
202,5853029.715826905,7633106.481222509,1033134.2933535666
203,5849445.27810736,7629132.3630081555,-922128.62044739
204,5849778.040533772,7629935.244865843,-759042.9599764117
205,5848909.096362059,7628943.258951252,-753467.2472265528
206,5850502.501624291,7631536.823765734,-460309.0516038367
207,5870461.772132374,7658979.868239897,-1066410.9461442092
208,5873993.332276534,7664174.506940302,-750287.4837529463
209,5873883.262634394,7663913.170560699,27131.57007021959
210,5880662.264572814,7672395.093264779,683003.0236309436
211,5886183.55121324,7680873.983307178,284219.2326353004
212,5884927.160268277,7679728.188302207,-1079682.433535043
213,5884505.369557476,7679420.781272037,91061.90058282908
214,5885346.699766332,7680525.471472776,1360661.4593978438
215,5883965.508979089,7678971.194457094,-1269883.4434515885
216,5883251.469740873,7677719.552252038,-1717730.0829624312
217,5880832.880952995,7674165.1478385655,-590945.3037493246
218,5957768.86758133,7772543.139686669,-510340.8795307376
219,5958962.147075642,7773914.1027882015,-392640.39539545024
220,5961840.453152943,7778364.306045879,1422311.9010712805
221,5956704.028724771,7772302.8072042735,-722017.2743280535
222,5957150.525553353,7772695.7637170125,978890.4770654708
223,5954193.76599107,7769302.065394365,1612144.739472376
224,5948232.105993427,7762170.611639163,-1204669.616904237
225,5946744.662771306,7760230.20840357,223564.07889234644
226,5945791.394247376,7759248.263047534,-2051177.3409921145
227,5942912.8140972,7754867.272626491,500331.82683138
228,5942069.742068252,7754481.528576166,-745184.0326133071
229,5941503.955183733,7753703.679120672,-1046074.4100184194
230,5941466.097250556,7753925.7404282745,754436.4692424786
231,5942250.894274226,7755961.246898676,691608.2484831904
232,5940084.126738066,7753742.659134826,-121838.83922487224
233,5939527.943621447,7753391.472254008,949317.0286971462
234,5936579.258548308,7750019.99752019,-339015.929330374
235,5936115.200039917,7749519.291696229,-925977.663281848
236,5936335.843828023,7749546.126570789,19849.98414574831
237,5937017.448362669,7750425.972886714,-687862.8666859289
238,5936349.586521037,7749601.054050034,-734378.2983990493
239,5935755.604074727,7748803.717700109,1362190.7455836537
240,5931630.846857651,7744361.321673057,1570800.856302526
241,5925535.853014301,7737248.28599824,-134055.3780550232
242,5927531.476568386,7739685.523164922,-1533719.8380279064
243,5935708.708834284,7749352.368509019,-1709739.553401457
244,5951115.844465803,7768137.571784124,548153.3916046862
245,5959088.775039058,7778196.447852652,-1281046.007624585
246,5957513.735774836,7776078.145077271,-661376.3222797496
247,5956890.781519119,7775362.764054214,-1037232.9434854974
248,5975210.055696364,7800407.435263054,332675.1851437091
249,5976891.169912877,7803433.469412539,310762.08875893167
250,5975994.752297285,7802491.320704716,2171721.9883789616
251,5966595.012373436,7791377.954373888,1195459.1468162625
252,6032752.087341231,7876268.954647127,-780645.2084406496
253,6035060.218077885,7878871.729487094,-1135527.6535881064
254,6034041.589864893,7877585.187781308,1334867.4672388749
255,6045473.509343049,7894257.540099312,1045899.219133833
256,6043321.396780638,7892336.035624135,-405981.1586072708
257,6042945.254498305,7892083.409406185,-1535747.7713229945
258,6041119.026116392,7889341.904319329,1742688.939353175
259,6038345.736240553,7885999.620036328,2838481.6513222093
260,6032146.284183728,7878268.730153147,-767206.0868168231
261,6031515.389513,7877530.25987403,3113208.9089860693
262,6014687.007532478,7857052.346230657,294456.0375299849
263,6021632.233510715,7867238.175686265,-1219959.9552578488
264,6021191.497457843,7866815.559810409,-82710.24239909124
265,6020794.9244848825,7866420.501131285,523831.1171074542
266,6019617.44742116,7865505.289907308,-1278330.9370383054
267,6018240.4004907515,7863527.376555693,-548392.7347224595
268,6017900.628447077,7863297.0678422665,1540191.8550280286
269,6012152.768854641,7856555.17555838,-146557.6180909581
270,6011988.388660311,7856738.992697038,1404117.4265123615
271,6008045.1105812155,7852011.370840222,-41227.32067432576
272,6007576.617758184,7851543.052241372,-1343503.7388733248
273,6006024.440409457,7849301.082025604,-815570.8066902196
274,6005360.414000767,7848500.596653654,560985.9507513792
275,6010259.769225058,7854668.818516393,2002930.7606636244
276,6004066.843576765,7847869.457251153,726757.0464661061
277,6002540.184494434,7846140.075206474,690753.2071746303
278,6007585.647801949,7852510.976387777,-276398.2883629871
279,6007906.555176367,7853355.476146038,-227913.8129975026
280,6007415.380648273,7852957.422426116,1382475.4584177018
281,6004335.021893981,7850004.671384311,1059737.7846472894
282,6001406.224871705,7846973.344918665,789414.4776482036
283,5999640.1169722695,7845406.741065699,6820.550351434978
284,5999442.961246258,7845236.953673,2337039.6297750943
285,5994423.546936808,7839030.001429612,-258426.17884989936
286,5994735.904398462,7839395.653103234,-2111464.8857502467
287,5990689.462494774,7833613.951795908,2145786.1687607206
288,5982104.967080385,7823056.984587791,-1118356.1991856447
289,5981721.239623933,7822264.335337165,-319849.626648781
290,5981376.584430055,7822081.540302945,-214476.1118723966
291,5981399.2386798635,7822123.404208429,-1456267.7416718567
292,5982332.048240377,7822727.393423576,776550.5670513624
293,5979926.7152477065,7820015.435552903,205402.75883529335
294,5978932.032543727,7819062.970561599,2053066.8723749544
295,5970136.039016283,7808357.94330268,1920662.99778826
296,5962770.681887327,7799364.062873355,-1201123.05014526
297,5962839.376150681,7799053.907592625,-2803395.919974925
298,5957710.577895095,7792219.79591332,-613601.8061374512
299,5958077.070294813,7793023.348850119,1554254.587645158
300,5952214.140829457,7786065.519996431,-817967.9587692512
301,5951599.632344494,7785232.521160778,-100244.21823171056
302,5953048.356836926,7786989.840119156,113696.93369259343
303,5959562.810241386,7795093.98060394,462564.5405043979
304,5963953.521180693,7800603.57850367,-1669600.2504102387
305,5963891.545922464,7799867.195075358,-1748730.1922838842
306,5962693.264093355,7797702.6829131115,-282716.3978478189
307,5962370.878966642,7797361.496212483,-730221.6058418327
308,5961910.490584043,7796709.64562777,471520.7152842472
309,5961240.37869352,7796486.443239589,1300245.2360555655
310,5962652.901561745,7799635.49392236,782128.8200659319
311,5960329.97795256,7797205.960660029,337806.4636536559
312,5966877.230397416,7805398.235425801,-1350919.437648843
313,5965807.566373593,7804044.688862077,-763003.8074628186
314,5966132.518509551,7804257.129776861,-2015151.703214006
315,5962498.527810448,7799080.632994528,-1575069.7012992515
316,5961473.863383902,7797233.199721233,-1427944.5677647495
317,5959660.9151637675,7794703.65460178,-795939.217608781
318,5959794.518462803,7795124.14424547,-668826.0429335614
319,5961839.09196378,7797434.710792459,788847.6690893782
320,5960231.32067333,7795590.383842485,1321159.9405405098
321,5956369.989361851,7790977.263839176,-1213979.0458854658
322,5955140.922222767,7789259.548682079,528828.7621571352
323,5955038.806749212,7789207.777798039,1096351.41604959
324,5957163.296049474,7791936.331396318,-1027329.648539847
325,5957627.404239289,7792763.015783029,-649096.4912258954
326,5957691.073761168,7792697.723578579,-875158.3461269599
327,5959517.095978212,7795455.208389818,-1509570.5108894464
328,5958588.594457542,7794275.039861423,1036012.4435195132
329,5955573.535980878,7791003.142235317,2979098.6222184445
330,5939052.462172797,7770583.753171646,-99683.12077971424
331,5938597.407957182,7770168.605399302,719387.0460246805
332,5936484.393662914,7767890.210027919,-1603586.183966555
333,5936561.481673659,7767336.978791113,-1247106.5163682476
334,5937853.742364582,7768449.758132959,-2839368.85799682
335,5929797.897121308,7757166.611119182,789977.3369684444
336,5927736.037189329,7754803.177633568,-188813.5461614836
337,5929057.233906835,7756349.231726499,448333.2048923815
338,5935521.031936489,7764421.105449001,-392320.1858530884
339,5942603.729836718,7773075.685295566,-1081698.5036151642
340,5949568.889204094,7782790.170443424,-974791.3917237812
341,5948870.001107979,7781828.593766211,-826240.7933725413
342,5959431.895932735,7794721.120439965,-1107671.9850998796
343,5961404.897665265,7797616.899885192,1146727.1421245432
344,5962313.052667154,7798809.443590196,-518067.6800831568
345,5962373.077711652,7799092.706384079,67648.21693035228
346,5961802.951556673,7798547.3627510695,-580539.8861889215
347,5961715.757564964,7798586.222390534,-549801.9933271711
348,5961656.023888537,7798672.89745845,444219.02824873145
349,5960598.523099408,7797514.088855873,71304.04793748878
350,5960032.048388225,7797040.727392637,1273262.5582304946
351,5956784.181992874,7793650.983788926,-41941.29358932756
352,5957651.245470299,7794676.811989472,826295.946284008
353,5955374.415049492,7792078.291901876,-663599.5631213301
354,5955039.892779324,7791625.259995047,1457519.0776213694
355,5953549.633633835,7789833.9418944875,-519518.42641812976
356,5953549.28144299,7789742.976643714,1235133.8094061674
357,5950623.096906192,7786231.255563535,1149335.5076913016
358,5949625.286038728,7785060.428060159,-627177.0803726513
359,5949766.385144492,7785081.770550731,881090.9976772331
360,5947461.025498331,7782679.938570753,959980.5691373446
361,5946104.263987653,7781729.912835428,-1705859.4004164536
362,5950018.507394748,7787193.205087753,-1442626.9001704182
363,5949686.953753838,7786827.097153462,429110.1015857099
364,5948959.942272431,7786026.372910276,327594.7147135837
365,5948285.1883895425,7785601.654617196,-34779.82705859213
366,5948070.333749048,7785387.872416281,-446513.3496872244
367,5949144.218621335,7786558.095855686,-482424.1444253012
368,5950581.676455456,7788834.922682845,505833.1845876484
369,5949643.748214778,7788152.02244178,-997832.4880851062
370,5950049.360757833,7788308.595547032,928555.3964622404
371,5949548.209110719,7787750.407242696,-375179.4691069433
372,5950622.335259455,7789543.505181274,-526879.0681177827
373,5951703.1881766,7790695.491768698,2284323.613190984
374,5943259.80871575,7780204.423213679,-745663.9240701126
375,5949259.259638512,7788680.298203492,1861800.7140972624
376,5943451.033156016,7781531.05854444,-132315.92381895092
377,5943483.384379082,7781575.577606183,584777.4303064117
378,5941942.196441413,7779860.708266868,679260.8297607531
379,5940081.8670459315,7777914.560908877,333568.46023358125
380,5939921.028324038,7777767.334945435,-380080.9372755247
381,5940163.267309576,7778358.177406867,728599.8922100753
382,5939864.564317659,7778047.814320966,1104629.7941233667
383,5939433.01400321,7777572.052831337,-18621.950918308383
384,5938968.444167476,7777195.292060324,271221.6904780683
385,5938471.67199382,7776665.741494803,-20540.817983826564
386,5938487.816311331,7776703.480524,-1518964.7573455502
387,5937328.62073672,7774711.615702223,-1156012.055665787
388,5936553.550708778,7773435.571998143,-658517.2798261293
389,5937942.236897299,7775594.636562864,-103667.33654049812
390,5937638.71407833,7775443.971808955,332845.02249607124
391,5938519.152307604,7776539.133512519,1324922.1160044388
392,5935691.261271256,7773117.216674362,-89094.79216436164
393,5940357.511923116,7778802.63541647,-773520.5779959722
394,5940127.703457967,7778578.514892039,-162512.42078264232
395,5940384.957778652,7778867.564157632,499359.8355047978
396,5939064.6467470415,7777579.187701131,-245313.5046778609
397,5939802.050988534,7778409.049415407,51867.19378399316
398,5939286.633896818,7778009.579983285,-1308333.2226772178
399,5938225.955713913,7776302.945139288,-1415806.0690347226
400,5936857.067300547,7774167.415939914,-35947.093734781185
401,5940419.566204174,7779538.539660599,-78119.31957543212
402,5940549.518520127,7780080.748187116,346163.21886948124
403,5941180.528062884,7780876.18680169,947221.5747703
404,5938991.228470091,7778724.228336187,286419.4154127291
405,5939328.984260204,7779162.131785562,546086.2505370361
406,5937810.316178796,7777505.184585356,-22843.66511383372
407,5937587.681915981,7777283.208668906,1790755.610538051
408,5930973.109352404,7769577.423656865,1359820.4492573456
409,5926639.196315219,7764380.1320673665,-844816.2991009918
410,5926202.396372374,7763745.446720821,-1770835.3293496354
411,5926111.412192142,7762872.343525941,208804.6124344084
412,5927421.365781402,7764473.153662106,315241.9693728287
413,5927552.943131433,7764668.355029515,-1007218.9067052136
414,5930027.925282241,7768264.763170003,-636006.0886702082
415,5929751.097500773,7767876.182218349,-834520.9755264062
416,5930335.995751387,7768322.131557011,285784.1929293855
417,5930431.9243789045,7768473.550022529,-1147624.6285301305
418,5929778.504431933,7767334.160385185,604581.6456545886
419,5929846.392282869,7767465.121257936,34754.63696084263
420,5930025.961887392,7767694.33964437,-148831.68754323432
421,5930202.032090789,7768272.018984952,-499879.10588165815
422,5930073.5063162055,7768246.23185485,-1832412.828440027
423,5927746.793717452,7764652.556977418,-562312.6651990634
424,5927726.817728262,7764787.04938177,-195578.6343840838
425,5928974.574404219,7766886.699462816,233020.89721559777
426,5928305.193958777,7766180.094107018,102309.0192722037
427,5934489.481724617,7773813.007574791,-117132.18038673108
428,5934251.120094636,7773764.45290498,-18919.767061407743
429,5933801.592571554,7773340.860723865,-304671.53734532587
430,5942444.761044804,7783963.079323009,-1801993.5449495488
431,5940554.56165093,7781397.892098823,344981.1115271615
432,5939770.408820157,7780821.866715133,653808.0790120568
433,5938429.76927606,7779289.727614474,-1024500.4961206334
434,5942619.674773851,7784075.356603956,23015.69602883457
435,5942104.496929485,7783634.7990115965,-3512323.919649124
436,5929500.937988055,7766139.070117094,718419.2016908798
437,5928533.074928912,7765029.282664504,460077.0631171048
438,5928674.855534676,7765244.30425828,-429794.8439692618
439,5928984.855601035,7765915.303407329,1005955.9513101128
440,5925922.669083509,7762404.5970537625,1146531.0807571553
441,5922293.935296229,7758275.326538033,121861.3109657618
442,5922325.839548488,7758343.926225883,930033.1186067824
443,5919609.505338906,7755208.378382748,485648.7692125652
444,5922195.873726081,7758422.504969813,-1412005.9074318935
445,5921115.58735535,7756614.431461995,465837.1517534696
446,5920553.139443372,7755997.924264353,-802087.0055430473
447,5920945.453145427,7756710.178046254,1618314.9824873642
448,5915351.809485136,7750286.417961098,382754.48919351184
449,5914843.919962207,7749737.71436315,-786326.939895672
450,5914512.067493469,7749351.218439324,471599.9839168322
451,5915752.996267881,7750903.98043618,-767529.1469909279
452,5915819.792173301,7751146.03851112,-124422.04182037448
453,5916100.028236898,7751898.3245701045,182281.66030214305
454,5915612.469627693,7751388.319267986,836315.8122647132
455,5913196.49291021,7748775.067922209,-13778.307738391572
456,5912774.8791488595,7748356.3633941775,1353641.404371367
457,5908848.860409661,7743625.325792681,-1335223.502795444
458,5908124.111323988,7742294.150014427,-398532.8275870213
459,5908265.113419469,7742402.553889556,187566.76198363985
460,5910059.96550343,7744597.477870253,-281166.41656250047
461,5913498.536589449,7748711.329825828,472076.5023830844
462,5912385.491617294,7747478.185437573,-1222835.617283607
463,5911306.775252541,7745853.39494132,1738778.3919530318
464,5904526.256764288,7737726.518256149,-828895.8772954729
465,5904112.199134709,7737082.511298403,-1064208.285612584
466,5903420.2435945785,7735971.747244353,683257.6329215108
467,5901502.483975021,7733829.412584344,1318670.5444194053
468,5897774.455984768,7729343.070485738,-1233149.7674433538
469,5897410.501950348,7728468.195521829,-1122059.458186285
470,5899935.154549585,7731147.157472372,232363.5766517657
471,5899538.516642223,7731086.252838047,756503.9323517502
472,5898520.0632900875,7730479.492251415,-1939580.336643485
473,5895465.307005985,7725963.938651704,-11436.42044247061
474,5897652.791466892,7728597.820185952,213755.4641123888
475,5896991.526678718,7727904.801184617,-1990869.9948357707
476,5894656.3898285795,7724165.825687463,-1300540.1368271057
477,5893632.18190046,7722771.98143084,1083774.1684573162
478,5892538.530647148,7721485.994094754,-2216438.0000782358
479,5888049.886640674,7715049.5120921675,-217705.01914088763
480,5887929.745636224,7714918.168505886,281789.76496516203
481,5889941.151727199,7717389.800860449,143276.18060323535
482,5890515.459172924,7718680.018471246,-1281130.4317982914
483,5890974.363646039,7718749.715947332,-463971.00542751857
484,5891087.4920155,7718805.344765854,988866.8695509922
485,5888586.450043491,7715861.857535196,-1079586.4545591003
486,5887854.295018859,7714706.977074038,1584125.3099518693
487,5882101.782529434,7707807.629849089,-1555558.5628622093
488,5883577.360874397,7708986.274588208,-381679.5838622032
489,5886589.714325009,7712538.961363519,440149.48560665606
490,5891704.327878946,7718902.472186762,315018.4157642405
491,5891951.423858071,7719236.523068386,496726.25020406814
492,5890643.314759144,7717981.474569998,-1042815.938071426
493,5890354.444527002,7717329.149606015,1587722.3832296832
494,5884739.013454155,7710564.183596572,1934626.660172153
495,5879935.324123726,7704625.488460279,-1025517.488239871
496,5881149.78906506,7705736.228419591,-41707.548050903904
497,5880961.400985285,7705811.588358856,-1595872.2541213653
498,5879766.745161197,7703714.0672878865,-1473481.9933567145
499,5882249.129637171,7707249.380019503,680145.8261238459
500,5880334.595379309,7705183.41242362,1805874.192157695
501,5873720.5526185725,7697502.676482185,185002.3052965804
502,5876863.281061816,7701356.185704935,131366.68047488033
503,5878633.669392469,7704330.880677499,1153909.695015635
504,5875788.762052246,7700932.7601302415,-228623.85798226253
505,5876151.611834692,7701329.663724439,-682785.6581932924
506,5876611.71194853,7701698.284925953,-1584685.143384607
507,5874967.47200391,7699101.527465511,-2936770.0298077683
508,5866329.5853078915,7687255.216923202,-1104349.5512782822
509,5865429.775927566,7685964.279276592,-51761.83627659981
510,5868873.035881476,7690139.379382613,912975.3507113308
511,5867190.8302828055,7688163.644041265,-706303.5132718788
512,5866829.66293567,7687673.093025126,-2052388.6407408311
513,5863902.282643617,7683166.338379132,-870725.3203330428
514,5863966.369651813,7682981.055481217,-7214.475401142031
515,5863602.231870363,7682786.5005247025,-966805.636917785
516,5863160.166494958,7682240.136857554,-681354.2470694825
517,5862852.734874631,7681884.959501703,-232411.48730119347
518,5869809.954759613,7690403.468006361,-2308676.233392043
519,5867558.621710948,7686516.999837893,31454.952771207983
520,5867051.253831935,7686069.8966265805,-521654.576110404
521,5866947.14537706,7686077.960751686,-877102.3617886284
522,5866727.833242656,7685575.563180356,-286321.15201081324
523,5868209.342843285,7687277.752680638,-539792.0426769329
524,5870507.335012182,7689894.714159288,5153008.970585483
525,5825792.334614662,7633423.085502536,-420484.64806084166
526,5826109.733873361,7633712.646778335,1414401.5273339853
527,5821630.236225343,7628312.184192329,-1204208.1202002976
528,5820700.851600256,7626810.204320833,1298010.3609512383
529,5818810.123757709,7624533.306731865,3410397.505161261
530,5800087.49936123,7600898.36734574,-442800.9520100728
531,5799880.887780307,7600745.7705548275,1675460.3165802876
532,5794592.005106918,7594838.111246375,-58775.627781503375
533,5794276.06113683,7594692.189609809,4061260.111631715
534,5767975.801087487,7561365.778063783,1660552.7557909929
535,5761907.595299643,7554017.326325088,-1434174.6579497654
536,5760829.76577523,7552166.610656415,-1394850.00655535
537,5759304.699308356,7549945.271127677,1074928.955031235
538,5757351.307667476,7547617.845318921,19613.00914022809
539,5758247.621394504,7549303.397979964,2435222.833317982
540,5746108.81202883,7534488.386495528,-1233439.0048232237
541,5745088.293081017,7532872.691746423,-1281229.0902651497
542,5744043.189135144,7531183.624259976,-1466037.7452412234
543,5744545.097562182,7531206.413610833,4914586.502325153
544,5702978.935744046,7478743.647928142,-563115.0921919328
545,5702830.901979921,7478495.125927418,2066923.7158529083
546,5693931.14947615,7467599.9250076385,-668706.7986225432
547,5693607.56881769,7467136.804242408,-1307081.2301038185
548,5692306.455525597,7465320.574766352,-2319036.1468246263
549,5687227.059069817,7458043.120306679,-1792713.5465727055
550,5684472.716629501,7453998.582241199,-1393356.6634215163
551,5682919.872749197,7451826.941705864,-542023.8723736965
552,5683001.909372,7452130.300921582,468823.4296618758
553,5682017.156777588,7451354.99508527,-2380128.8559510256
554,5676362.617362599,7443425.073082902,240895.9878713776
555,5675518.1474767765,7442667.2009086935,-26864.5933020328
556,5676218.932191487,7443503.798740122,-3028677.5139512382
557,5666511.8325995505,7430207.460698396,-79018.81432494936
558,5666362.30148248,7430060.01971281,-1189206.9293717416
559,5665255.483163321,7428497.922595027,144011.7184202047
560,5667091.844371928,7431549.45727071,172047.2303728002
561,5666664.439762844,7431386.468769194,-759696.897738869
562,5666878.817922446,7431429.9349337425,-684603.1798842838
563,5667605.546997767,7432103.219450327,1063421.821528192
564,5665405.052949648,7429483.005503608,-932666.871549946
565,5665272.453194139,7429040.696455762,-79875.73120631688
566,5665134.062569957,7429172.423756559,12140.750817544502
567,5665222.809232963,7429298.49629367,971220.6329704124
568,5665488.540721152,7429687.586243919,1643124.762815073
569,5659731.728360481,7423067.266058639,1657611.0021705886
570,5658142.606963246,7422281.925219558,-1220517.2171499445
571,5656974.887759765,7420542.085959932,1174199.7788218164
572,5653284.999587513,7416175.018672478,-2038095.187982919
573,5651155.6900251,7413330.231226938,-1915626.075362906
574,5648063.179903559,7408775.946838568,279755.9736420928
575,5647236.262002115,7408073.055633871,-344654.052133235
576,5647448.216678421,7408629.9633773165,2181604.2567943274
577,5637365.680593832,7396319.864317359,136955.68069397673
578,5639959.607981115,7399494.668347567,-907622.7120072896
579,5643431.097428337,7403443.903745639,-1041628.4027417904
580,5647282.351811825,7407808.2186762635,-1325693.9882881143
581,5649222.769425927,7409669.61096019,2245447.210645929
582,5643593.96865892,7402651.709584336,526112.590978537
583,5645215.241328534,7405589.02245477,711226.8949106394
584,5643214.289981506,7403468.32818669,2362971.0740850875
585,5631773.278711006,7389446.564389233,383198.3405820805
586,5631999.854895458,7390367.448683043,-165925.0944846368
587,5632060.740856293,7390439.937330275,-1776192.9869486643
588,5632368.439250291,7390048.155819521,67274.91204056588
589,5632025.113791681,7389699.827690108,1811550.9147385205
590,5625152.285320367,7381692.478315861,1248690.1165648447
591,5621337.81714967,7377131.660084976,-1487749.3822914767
592,5620515.268869238,7375541.545483891,561172.2452064429
593,5621137.40705523,7376351.230467436,-1625315.294179313
594,5618977.330277053,7373358.43290012,-1148461.4217098246
595,5618146.084767453,7372023.649334947,-568880.6747375532
596,5621713.082870704,7376212.554569257,-770351.5109354077
597,5621309.744251349,7375716.733389698,-287655.9959694138
598,5621413.141491947,7376132.243587293,-320796.1702863148
599,5621138.940913008,7375904.974227696,-1943524.0340585
600,5617622.880381172,7370838.730799694,103752.20964527033
601,5617195.669518712,7370401.143852443,-760025.0951610588
602,5617342.1627354575,7370367.064346196,-204065.36621571408
603,5617093.177186945,7370114.159130192,93487.26822996674
604,5622912.895482303,7378602.782127154,-989422.1067778344
605,5624438.540233783,7380116.161515753,-950610.5415925772
606,5625552.547577604,7381145.941605844,654906.1228147565
607,5624195.729528997,7379965.922218435,338311.0717593441
608,5623136.469715163,7378890.558667549,-217827.42057258653
609,5622938.498467947,7378682.638765329,639162.027059778
610,5622641.378657679,7378380.396397896,1509904.0230145107
611,5618305.905791516,7373102.135323466,-570602.0120538619
612,5624791.846384499,7382274.405548313,1318158.387213489
613,5620887.520521658,7377999.758787638,785238.1068102416
614,5623139.909594774,7381938.910564397,-159625.6365302323
615,5623763.880003835,7382660.47402245,856169.2579690701
616,5624438.232771525,7383551.774881519,727921.0101970877
617,5622992.282551961,7381882.065791731,58238.20608672534
618,5622828.606899349,7381729.050290756,-1729240.2721341865
619,5621082.860652778,7379383.683950412,-1077269.7738693312
620,5620346.008692424,7378194.939390559,-1745226.9970268395
621,5617614.291399814,7374236.989487294,-464608.2226626728
622,5617372.012143184,7374035.242072152,-216035.03417704272
623,5617059.4957974255,7373739.449452524,-402928.7035210211
624,5617149.371084226,7374096.90766149,-875921.2686141701
625,5617776.409198517,7374575.299039894,-237079.021227505
626,5621650.462613221,7379249.98825919,1281956.9983169266
627,5617274.841379265,7374174.302208387,-392440.7775326574
628,5617905.27063695,7374843.301622967,1883997.4685836905
629,5620326.9888235545,7377976.569021161,-1204140.1777803309
630,5622007.488156932,7379582.781933363,129024.2713995044
631,5621319.180647399,7378921.299713312,-725941.8889554278
632,5631779.495225439,7391730.863032048,-126576.77440876968
633,5645382.975159871,7408715.382676674,815402.4467810707
634,5676897.513547745,7448853.615754061,-322892.13934371027
635,5681244.599994683,7455194.7027643,-719943.8990144038
636,5682977.430931242,7457068.964967214,107903.55681364324
637,5692150.236583808,7468488.541771927,767723.7927342189
638,5690075.039593005,7466317.802231416,-499292.6286687824
639,5690128.386517951,7466591.433795722,-658010.0160049563
640,5695131.125306585,7473730.31699707,620800.0006110414
641,5694916.517357554,7474167.980869771,-1396322.3371196594
642,5693256.552214692,7471786.360614889,-1562934.924778194
643,5692468.212425664,7470186.530198197,-266779.9989341964
644,5692369.658799819,7470298.76924693,789895.8220715517
645,5691966.544159175,7469867.538946345,-858480.2945931932
646,5692894.429392287,7471338.848052324,335857.0997455702
647,5692277.0432427665,7471015.950208993,388254.0118823307
648,5691116.987369042,7469845.306434318,-1106538.5149053214
649,5692317.831014327,7470905.7135264445,1691640.1869920443
650,5694867.046330346,7474191.247849902,195437.0446166667
651,5714485.318714414,7498929.950728252,-1232144.3857585222
652,5713411.8082158705,7497470.88126487,370665.4029815272
653,5714277.87163752,7499288.756844691,630221.4464119148
654,5713539.030373235,7498462.871421947,924181.0739649036
655,5711676.043341688,7496780.763624276,1811379.6552708813
656,5704352.338387687,7487990.2081630705,1793016.7269427218
657,5698252.067590047,7481057.797194518,-1036820.1994671128
658,5699471.011481509,7482179.374799122,-898494.4864146803
659,5700063.632161078,7482611.1427160585,646204.2397398255
660,5698223.470544017,7480668.566730371,1030751.1921061858
661,5695052.967342447,7476990.26700944,2404746.4321558485
662,5688983.98893932,7469417.210578462,-393712.29348660784
663,5688846.743144037,7469451.761869117,-273450.2812176014
664,5690078.436911756,7470879.160459647,-1337182.6784325135
665,5711340.160719963,7497244.396306843,-2260411.994235675
666,5707287.470777468,7491215.417144101,-1147989.1786334564
667,5711392.612371306,7497038.22186589,-1027671.9015679047
668,5717130.552878989,7503780.107817487,-857113.8619468943
669,5717399.56581009,7504332.968356474,-228419.3686340064
670,5717192.432180397,7504111.519795972,686646.8218240318
671,5716675.490089517,7503552.622208501,-394266.37346403766
672,5725837.088868997,7516413.136994558,-816762.3424221639
673,5727010.685813958,7517579.75354368,1616711.8876030722
674,5720938.155737196,7510311.0786494985,-823885.082845279
675,5720824.117018758,7510301.699066106,1452494.6789066144
676,5716569.408261422,7505151.767111361,-2014637.1404526895
677,5712684.68864409,7499730.105808029,196049.9420902444
678,5712074.470892292,7499095.009474034,-576592.7442263596
679,5711958.564756982,7498860.049141784,149434.88122763974
680,5712008.383883841,7499423.56854252,-136807.40235428422
681,5712980.38976644,7501180.0114375595,-315961.6604749521
682,5713425.371341214,7501659.316891922,1724911.811878626
683,5707158.392789839,7494040.522872031,2760271.4342937125
684,5692623.600351119,7476001.015299505,2600336.850525858
685,5679378.940469988,7459633.192639202,-363075.6643762762
686,5682332.163356496,7463138.701669668,-1007975.7972917604
687,5682835.776061831,7464011.985456012,1045018.101909174
688,5680311.968889043,7461498.757584383,2248.326325749148
689,5680213.162664876,7461763.890061499,1856580.932651349
690,5672544.04097844,7452515.978594517,2595133.022393836
691,5658933.06901641,7435723.248221621,-417887.7660474114
692,5658804.876758579,7435756.5661335625,-847004.4045316199
693,5658414.9308164455,7435314.478404276,-1203597.4962647909
694,5657347.574397858,7433689.693103785,-1130462.4762790073
695,5658099.81407223,7434205.895095492,-2465764.5422811853
696,5652565.669566662,7426651.132956621,1550344.8754792274
697,5646963.553862182,7419901.720078586,-115956.53273130582
698,5647414.504738561,7420436.555154064,-847599.447664749
699,5646954.24189232,7419707.913682122,-1318281.0794753248
700,5645661.7087007975,7417938.548429667,72353.10638590726
701,5647313.51576046,7419949.159530354,1890861.201690732
702,5640866.495865745,7412015.309182035,-1807614.8940009745
703,5637904.572654276,7407885.949664414,-545946.7308225877
704,5637768.104728295,7407645.510991404,-831015.4957981382
705,5640561.526446311,7410791.804205121,364734.1703114153
706,5642195.90126223,7412828.7291805195,61467.715765267145
707,5642409.961597451,7413111.155288554,961831.2505400444
708,5639737.235062553,7410280.301194967,1988845.7830001365
709,5632279.276865184,7401651.352663731,-2131740.476093719
710,5628445.521118393,7396017.858378121,-735630.0081046124
711,5628860.9519904405,7396314.195585036,-594315.5676998881
712,5629089.521026557,7396452.615513801,742046.4015618202
713,5627533.641891479,7394660.814917684,1384444.1065201692
714,5622663.48381476,7388882.163998972,-625382.3070870381
715,5622997.325706215,7389131.035027056,2295900.5783641217
716,5612107.908055486,7375891.887416704,814066.8079445736
717,5609671.883537363,7373230.610659526,2302116.658734009
718,5602258.508558639,7363991.9925444815,-644850.4345246858
719,5605362.97819267,7367595.484528041,-1439015.4625397904
720,5609306.954484628,7371917.197363291,393324.6545745423
721,5608660.385195334,7371615.480635349,689263.170965166
722,5607054.154161659,7369779.957109828,-1222862.6206452628
723,5606129.428964925,7368571.913235352,-1168968.1204771516
724,5623683.104713081,7390268.19210744,-1099042.1568346992
725,5622912.02748815,7389023.145324799,-1226206.2327279595
726,5621677.2497385545,7387204.755689183,-719611.1566242806
727,5622023.837847937,7387429.290295839,-536803.4421148367
728,5622125.1730616195,7387789.296067507,18797.933429233628
729,5629153.369551628,7396492.162838501,-841767.7503532945
730,5628556.025550904,7395671.100212688,-478255.7457855936
731,5628744.981220985,7395808.1406360455,-869164.4331987636
732,5628701.734683989,7395509.247850557,1778033.3441813702
733,5621603.112033969,7387070.997318672,366099.8076486309
734,5622735.002624561,7389273.591760231,1176333.5476455062
735,5618824.793034458,7384798.103312399,196130.87358247404
736,5627391.059074336,7395486.654700259,2936250.6119255014
737,5611101.447820254,7375471.723179567,-57045.08019422701
738,5612088.442147285,7377279.3334711585,423465.488325617
739,5611313.7915090155,7376432.991160137,-2369758.735783285
740,5607454.61316163,7371245.202357335,-314671.320555464
741,5607496.64476318,7371270.092396914,-93981.8020845286
742,5607039.673786701,7370848.039259294,-233949.99555541523
743,5610166.762298594,7374608.143821476,311676.1483708491
744,5611121.069893996,7376540.109361578,672070.8160185672
745,5609122.600443537,7374336.862112425,-720812.2559418753
746,5608676.069615219,7373734.9847111385,-675078.6253910958
747,5608860.830863144,7374198.07775011,-13496.7490264705
748,5611726.8998343805,7377693.360750878,-358140.97643592284
749,5611705.141776736,7377638.101453553,-88578.95668087126
750,5611347.605514557,7377281.711637627,-1694934.9095136044
751,5612147.237858959,7377560.2496542195,-233828.84997930223
752,5612789.996303978,7378810.655843599,1116630.8620218378
753,5610022.362959475,7375520.864895733,831230.9233285454
754,5607560.566975468,7372849.081719833,-138768.33205651733
755,5607139.5865437165,7372457.858908057,-95162.99167555396
756,5614712.580862085,7381820.762591767,-361009.101733316
757,5621442.79463613,7390045.733649315,-1777779.4869255703
758,5621405.342055858,7390119.377087416,-924668.3200870232
759,5626315.026966946,7395866.19707405,-512703.135848448
760,5628485.688259042,7398361.217617811,64155.34346502655
761,5628641.356931285,7398578.649582419,-54794.48126935357
762,5628146.864622009,7398129.88690592,-546452.1924253448
763,5627852.677396055,7397736.472003523,1056126.5550022572
764,5624519.660054699,7393981.32666423,-1363080.6359649824
765,5623439.073094824,7392188.0250327755,30129.32100549464
766,5623179.932363283,7392225.385596697,199960.0819881592
767,5623876.125547209,7393734.0963267535,-718773.6438446966
768,5624307.842707254,7394055.546330204,-586452.7978163646
769,5624863.929319054,7394574.489135419,-715822.6753211468
770,5627129.313274895,7397107.43252973,-103500.44791757924
771,5627335.12475397,7397354.768860936,-316403.94916766067
772,5628385.217452104,7398543.912276385,214164.68523539716
773,5633240.210479056,7404549.848034934,-289555.8399352487
774,5644178.5823866185,7418098.433126544,739842.5518848494
775,5643734.7265594825,7417618.600668448,-721683.2729410522
776,5643381.25319604,7417071.21623469,-1784294.7025436014
777,5640738.7448981665,7413126.39123111,35235.66781771658
778,5640231.7922580335,7412709.247901676,132109.57455924468
779,5639793.381564376,7412258.587720105,9465.610589533702
780,5639373.813735509,7411844.277170927,1442710.2025628935
781,5634657.207872634,7406487.83940587,-496118.6541908512
782,5634459.797849399,7406352.961336583,1048676.8676807354
783,5632352.58434639,7404401.001177985,-407944.8312170118
784,5632256.547452133,7404457.94747126,-1218943.781971746
785,5632198.2445264915,7404488.447687407,-286246.4581640921
786,5632311.318030503,7404589.441890772,-518604.2570529348
787,5632035.263850747,7404300.875077331,-488790.3407752605
788,5632176.358290724,7404372.549715645,1033509.2609929031
789,5628987.705509056,7400711.132875213,889374.4686974939
790,5626415.515961209,7397891.143781547,211050.34364896195
791,5626279.739166667,7397773.32916189,1209828.0578767064
792,5623145.962571656,7394017.065076677,111324.0761157485
793,5629288.803019636,7401611.066434363,-942892.679813554
794,5633546.332657572,7406516.952469823,-322250.6256178681
795,5634626.387886951,7407733.137722052,-1222685.491190547
796,5640491.982235278,7414541.368898535,647474.2021132354
797,5665920.521188872,7446820.853649211,489619.16853380064
798,5665882.444513134,7447416.42101656,-1671929.8502854807
799,5666946.540569738,7448006.7020424865,-64220.52035085084
800,5671083.423517938,7454139.901443918,154659.0330217266
801,5670592.425853845,7453861.20028494,28712.813552591186
802,5674359.458793678,7458462.032189592,-430709.7984849775
803,5674889.455032781,7458993.499673904,-719458.1914767729
804,5674852.855106607,7458767.10072847,538092.1903245708
805,5688310.879357617,7475719.760598634,1012281.9722241506
806,5686343.88725351,7473392.562809859,1478365.0244204234
807,5683696.555052335,7470174.237215033,402420.32105897926
808,5684518.161472425,7471209.230735827,122189.53537232128
809,5684515.591272281,7471238.925561484,673540.0383919269
810,5682696.936869569,7469320.78516633,234188.04009193848
811,5692783.228643563,7483622.749420407,2386901.665934847
812,5681352.306469209,7469616.237207141,-3041030.797047691
813,5676126.356678902,7462626.043278993,36616.47704268088
814,5676270.98421205,7462815.956479188,-203512.45557540373
815,5676007.828885312,7462554.326234668,-303910.7844715744
816,5675795.782165133,7462446.987305934,183402.4202254647
817,5675230.063576111,7462067.772636326,-994205.6942325
818,5677195.485609109,7464106.8573300345,-945301.8091603426
819,5676593.125100268,7463157.681966605,145864.04098904302
820,5684042.596254353,7472399.240986044,-677670.8523826066
821,5684061.207647432,7472253.512466108,571838.3500855473
822,5682505.858823409,7470564.045760943,-1555778.784271343
823,5681679.743851493,7468911.204774606,-291130.11919435835
824,5681787.954930828,7469002.700538032,-240978.2110657165
825,5691770.950533461,7481339.387309313,581702.4154432885
826,5690876.269021804,7480755.067542459,79842.69316845635
827,5690586.105414269,7480462.064905261,-399448.4140384451
828,5691956.537092438,7482649.882622418,-431344.7224889676
829,5691744.146680066,7482476.743852073,-900168.1247725325
830,5691341.828061254,7481984.811067751,-1697593.9962080766
831,5688726.974660422,7478260.677958803,76545.93663798731
832,5688398.362955935,7477926.874857001,384962.9939456204
833,5689285.067498238,7479744.082359287,765030.0236213555
834,5690811.103757616,7481661.956346452,377320.3894035377
835,5696245.769138462,7488402.578917859,22687.17938570797
836,5720103.8632131005,7518487.062403284,326160.8184942695
837,5719245.097776455,7517707.169719392,17118.157361958765
838,5739763.945166554,7543516.175227922,299888.7913021724
839,5740303.608539427,7544800.330977146,-771506.4904159482
840,5748622.755048621,7556380.215340035,-2149715.439435231
841,5744319.032202807,7550180.364147126,1611478.6857079235
842,5743321.068477494,7548983.846052278,112968.59458556988
843,5752784.949034866,7560747.872159534,271277.84861299105
844,5752023.233993154,7559959.907343941,37822.64343458208
845,5769119.834119484,7581401.948999754,-37111.16245710501
846,5768994.969021208,7581278.6994091375,898344.3046797381
847,5772096.697827479,7585172.715517834,3343641.760883884
848,5754188.600112743,7563367.797049144,-1228078.0222256866
849,5756062.830318653,7566073.989302425,-1490140.5935791363
850,5754345.054784499,7563654.718766384,1434172.0943387265
851,5749792.777831367,7558473.554066729,1961499.9159446545
852,5741974.620140638,7549159.06254272,225815.82731494127
853,5741318.530790857,7548480.994940624,1968129.787851513
854,5733853.215669398,7539721.1351572955,968296.0065039255
855,5731348.540506472,7537086.871706958,1638097.3843589276
856,5725187.227678187,7529670.2667319905,2469981.789425372
857,5714292.51860837,7516121.381124938,-1253628.9924692102
858,5717019.34852497,7520003.47626465,-1536058.9896790253
859,5715173.649349466,7517271.136205454,-1816277.253766965
860,5714254.521376042,7515351.537469063,-1436246.3455114386
861,5713125.866918196,7513438.002605852,411853.5065168683
862,5712115.667782048,7512509.740477262,-260043.3414622199
863,5712778.194211104,7513722.038947292,-322961.0315840054
864,5716621.8090726705,7518306.8005488105,-754264.5378313778
865,5717092.825330157,7519114.634367529,-1226803.0769147202
866,5716537.537158705,7517998.545626321,-849147.1524074336
867,5718056.184401407,7520273.308998794,-3193828.857583008
868,5707380.567843429,7505404.821615397,391800.0285361235
869,5706654.760494588,7504605.439881699,-824747.5675321738
870,5707899.998088167,7506500.332517992,-75995.70760936185
871,5707635.768125395,7506380.922404946,-262705.42446047533
872,5712009.692980357,7511640.244783577,-370794.6136449302
873,5718597.260681138,7519639.096691766,-613320.1808781786
874,5723410.787228047,7526502.865418717,-11757.342549665149
875,5723260.622277565,7526615.7383738,-346356.74822926504
876,5724534.353913366,7528040.10201806,-84062.61938597028
877,5724207.76962516,7527760.939155636,1255417.8478494573
878,5720754.268541497,7524033.051922081,-1146029.5732055472
879,5720328.682236863,7523117.264349099,1009678.8054112302
880,5717695.281048714,7520324.666452014,522770.84384343313
881,5716566.957525579,7519063.041531994,-3521971.32799855
882,5703075.777399378,7500580.906490921,839465.620340184
883,5700783.905668396,7498084.624513745,271083.8430267188
884,5700363.192688936,7497636.458035275,-98990.70056620984
885,5701560.326953209,7499033.485846214,400606.4384891006
886,5702941.7897804985,7500738.30826678,234171.485560777
887,5702652.104772289,7500437.353547913,-1208030.8903623717
888,5702894.218255173,7500867.190892473,-610941.1271958677
889,5703190.559982122,7501054.173217167,1399037.9503872015
890,5699381.964812082,7496438.472904062,-1003047.9849263252
891,5699959.360428699,7496774.2956468435,690268.1113628607
892,5705519.612992091,7503727.344184269,1989953.380667935
893,5698037.233791348,7494979.4938239865,1726186.7583996316
894,5691545.615201601,7487293.527326551,1282400.7330686024
895,5688224.878147297,7483290.023163777,1339756.7646027252
896,5683783.788731063,7478003.781713246,2773960.367591278
897,5670338.918954448,7461762.020870111,-1316981.2412312003
898,5669043.121911433,7459912.0452513285,-5150020.930099234
899,5638253.839551151,7418310.060371581,-1465633.3299685689
900,5637473.0233662855,7416764.719689481,-236030.1634287456
901,5637384.184312305,7416853.540041071,-1359955.1060853878
902,5648364.997084816,7430054.742708631,-403599.2795756585
903,5650650.4192446,7433505.572444915,1245125.9791415178
904,5646823.877365771,7428959.697177413,1721039.277523484
905,5643151.503150912,7424429.283772663,1006675.2281561624
906,5642697.734267144,7424748.286438875,-994385.2013385084
907,5646340.728423365,7429921.201132612,-3446418.000211476
908,5633323.392377684,7411987.803615189,1094201.4994049582
909,5631229.390154929,7410062.687365565,-1681921.708276916
910,5628821.662509637,7406503.2434958685,1691229.4668274005
911,5622376.266030538,7398779.561647613,-3844386.224235095
912,5606613.427114316,7376958.533002059,-208516.46963713743
913,5606472.782809259,7376809.695928394,55951.25166068449
914,5606179.752553914,7376731.892351129,-1894119.8685172813
915,5604241.137351182,7373491.942967833,-1016620.435013799
916,5603648.585315573,7372484.3195829,-2681214.932619524
917,5596165.323919102,7362149.355154008,-2883966.589862908
918,5587455.895408765,7350198.173251963,-351223.1362144136
919,5587268.625846751,7350003.233155955,318703.29394073755
920,5586364.491109018,7349119.639235965,-486926.8288154811
921,5586157.839538667,7348885.337544325,941623.3909696976
922,5585147.497859659,7347696.134506685,-624487.4440404985
923,5584955.505462891,7347502.68810397,419970.5761812228
924,5584082.986178632,7346541.597989294,327955.9924824643
925,5595033.739402112,7360247.479304327,-1000692.0052957436
926,5609987.105779135,7378640.87568495,27089.00425028226
927,5609587.4278864,7378349.250713785,151210.06634612012
928,5613527.934409832,7383172.7906811265,194822.06174955607
929,5612883.479665794,7382599.810434924,288032.2774223064
930,5612149.13505139,7381984.097895672,-1716809.760001438
931,5609474.373070651,7378189.492491885,-907993.453854298
932,5609123.681255051,7377504.168801704,-213728.7497632993
933,5611228.910950915,7379970.629181845,242446.0247019932
934,5611524.903988242,7380344.818059954,-1145712.535429058
935,5610495.619016849,7378817.228634686,-737887.8328771491
936,5617563.536407415,7387298.254472982,-424162.0011482851
937,5617384.329163113,7387072.929854599,-1416751.8001409834
938,5615651.081445466,7384567.307954581,-1432135.5672535012
939,5614380.337517608,7382456.290158835,148430.14671774494
940,5616722.726812796,7385294.427186879,-1823274.719525501
941,5613839.7997229,7381280.201641088,145365.14181743254
942,5615099.691974011,7382793.6181931365,238717.54579255023
943,5615264.554520816,7383012.215065486,418561.1073501356
944,5615305.111842263,7383093.923255215,-668350.5284031437
945,5615852.982264875,7384016.849817572,-1179206.9874062885
946,5615319.716138828,7382933.693046402,-1076597.307718409
947,5615606.807270806,7383432.931640024,944722.1778751804
948,5614568.884552505,7382864.198702747,756029.3476783618
949,5613095.382518045,7381533.569395563,-2225164.6086797207
950,5609531.19482379,7376058.554944055,-752372.3944534066
951,5609337.398906844,7375628.578826794,-995752.1710423136
952,5608612.707257071,7374554.516130165,-514517.0665971757
953,5609940.677840639,7376624.365202622,-104821.0417460806
954,5609903.401169459,7376846.572476804,-744496.1445246324
955,5609940.276626306,7377009.369570648,-223837.22106403683
956,5610881.993005303,7378066.843441229,-246774.1186124028
957,5612513.00473979,7379946.016088633,168988.3226628834
958,5612591.005610381,7380059.94696882,-419779.3778709553
959,5613441.110311928,7380951.543263498,1492892.3944645326
960,5608389.348106415,7375076.322241755,1465430.7382530132
961,5603359.162168671,7369110.76972888,550424.7495751906
962,5607530.119824663,7375509.179691794,-1637012.3458170164
963,5605062.25526532,7371966.857788566,596267.121587286
964,5603594.142940949,7370338.262980619,136994.59918685205
965,5603043.52613879,7369800.4345884845,-47747.32368908293
966,5604025.506433504,7370948.398326055,-2894850.1898702364
967,5596115.038893779,7359622.467869635,-603381.276570443
968,5597631.268982647,7361253.12284852,-1871678.1135137863
969,5594263.530637496,7356395.066746325,-1001015.0392642304
970,5593603.494583592,7355492.404572004,-285148.48494952364
971,5593524.09567212,7355380.912582446,445092.7234924159
972,5592687.91590065,7354738.391962065,-384057.85253953806
973,5593266.487492994,7355323.050865904,496673.2085414062
974,5594011.8455998665,7356259.817387493,2654092.551749218
975,5582157.432492932,7342090.021146927,-658994.4297625034
976,5581854.8103400385,7341630.539613052,-1388886.187551067
977,5582850.23808524,7343099.660878488,-700032.8318679958
978,5582543.753200309,7342597.839990557,349457.37107030576
979,5584777.94053142,7345343.166559628,338600.50254211173
980,5584663.505431801,7345242.067530451,199781.6576865323
981,5584170.426954025,7344727.827419808,6014441.02436765
982,5524417.127557798,7268396.272952589,2979497.775520377
983,5509949.382903907,7250207.06125221,-2521464.881997929
984,5503164.030831877,7240777.007871836,-1333261.3800175686
985,5525419.217795414,7268377.668131372,1331668.0052232365
986,5548836.171208194,7298209.7179876845,-190185.9655609473
987,5551287.211583709,7301106.698678205,309090.13851743017
988,5550701.648041297,7300477.198993548,-170961.95525089922
989,5552035.591869249,7302661.061541818,-713886.29854404
990,5555300.951111511,7306394.418554963,-2725775.6938351765
991,5549062.94023216,7297234.659020113,-818835.8939474241
992,5549892.721027673,7297943.336528696,-51180.88908973034
993,5549951.2072205795,7298339.122769114,-537914.8868087758
994,5550254.888665146,7298937.207030712,-365108.30703022046
995,5550047.345099677,7298704.199056574,1325651.504418147
996,5545816.743603384,7293851.351960519,-639307.2139166892
997,5546537.5029492285,7294513.210967143,685897.3922742215
998,5545175.486270595,7292953.93915359,1639098.0746780557
999,5544104.238071562,7291667.613027708,141356.89899488614
1000,5544187.37299755,7292201.140513389,2284197.843256864
1001,5533749.270821846,7279460.213599953,1511955.179698385
1002,5528456.68060051,7273263.181096577,1028820.7215453266
1003,5531447.547535075,7278294.528082048,133044.49832743546
1004,5530987.288549026,7277823.973501832,1330433.5023928925
1005,5526585.011977648,7272634.622008212,992279.3418947952
1006,5523780.673007472,7269547.4683506675,-1935309.593191619
1007,5521995.069536232,7267164.885299846,-1295491.4252924176
1008,5520785.476384322,7265502.651159823,867843.9013552504
1009,5518742.596032903,7263121.0650662,1019556.1313650951
1010,5515712.011292073,7259650.995826242,818889.4033425238
1011,5515761.529854132,7260539.022374912,392653.2606514296
1012,5514870.251359809,7259794.9401921015,-1688815.048077359
1013,5512447.938638722,7256422.054877979,-2243308.74322772
1014,5508655.970755831,7250668.1342890635,-3078753.2178552747
1015,5498521.813425578,7236495.657670531,-24301.622428122748
1016,5498503.948693561,7236789.148086202,-182795.07111009583
1017,5498523.060789738,7236799.7904517315,177709.702887698
1018,5500515.37923294,7239220.406346478,3927084.4296835256
1019,5473065.967278611,7204888.935376726,-186870.51256318032
1020,5474910.413121465,7207051.909001444,-1535713.2556538137
1021,5473139.16982067,7204288.033124373,67162.9866478038
1022,5473780.633893656,7205055.657452072,388507.5696564264
1023,5483652.741330362,7217412.135974341,2649482.7096375306
1024,5472849.43722307,7203865.875763594,279431.3983793967
1025,5472738.502559698,7204225.664451873,1970590.4800267548
1026,5464330.849921909,7194068.028581364,-2865874.7496625804
1027,5455825.491073979,7182070.969605075,141420.1948261917
1028,5455936.987597688,7182227.991980842,-3367138.939193717
1029,5442915.931368114,7164458.349289385,-1571337.1319306192
1030,5444013.216779401,7166057.284506577,-703095.3590669587
1031,5444493.278832428,7166878.904148848,-1521662.103083375
1032,5442328.292774763,7163742.689883194,-614018.2392873772
1033,5442760.850943434,7164077.270001883,211162.91287156055
1034,5443058.006944163,7164453.304560166,1482875.5217579158
1035,5437983.700627076,7158553.768634327,434972.5495816247
1036,5436851.906786555,7157366.9157350045,1792275.926945689
1037,5430444.305500528,7149937.847546322,2497696.1064124582
1038,5418038.533957307,7134648.494252173,-485722.7713226886
1039,5417808.012549177,7134382.728973272,-1116657.5375088986
1040,5417203.568705233,7133267.961102093,-1606611.2532789847
1041,5417785.259072981,7133274.671198209,162951.70366197178
1042,5417340.596038616,7132814.760297755,-943192.6381427456
1043,5416664.665626,7131774.201034932,-289624.4719978239
1044,5428054.403361626,7147603.645859068,-824381.1393101099
1045,5427762.66895572,7147269.422416404,532941.2961986026
1046,5426369.677865471,7145782.8539796,385335.7361340205
1047,5425676.04363479,7145022.354531916,1796396.486406383
1048,5420004.950469068,7138034.5661285855,4496087.356313991
1049,5384321.324211005,7093161.058933333,-1216736.1951562203
1050,5384223.506683211,7092568.658003794,827640.5599572259
1051,5382650.622371517,7090724.640748379,-468242.1020694404
1052,5382433.137722237,7090485.9014805155,-576862.0289648159
1053,5382261.99184305,7090182.6919508455,2773470.628321988
1054,5367375.874028496,7071662.825575402,2986907.6932360223
1055,5351305.685031688,7051498.169159832,4902879.196709971
1056,5311462.787969694,7000704.422842136,7367706.083107242
1057,5216656.7988553345,6879482.62495304,-2198754.672977607
1058,5212382.261563043,6873566.797089231,-432802.06156973087
1059,5212799.667277137,6873980.428444873,-4156789.342536645
1060,5191482.47267189,6845070.334144248,-2202368.454078183
1061,5187650.44607634,6839277.289770013,983422.4495527296
1062,5185908.773526335,6837200.095565824,4738726.445365312
1063,5146533.830961823,6787051.229010258,-54592.98478425034
1064,5148757.103305716,6789719.394841495,-3315460.8624670915
1065,5135469.148838795,6771557.344875208,3772288.747204776
1066,5108098.83795945,6737086.635575186,185716.32500483893
1067,5111576.763584289,6742365.058244249,528067.8842333816
1068,5110209.188717847,6740820.218585677,-5083932.368080767
1069,5079629.002859262,6699154.539673733,3199511.048010529
1070,5059199.886353261,6673624.897826763,1436644.4218727474
1071,5054008.92947085,6667372.123057913,722912.8118354967
1072,5057359.680911683,6672717.775772894,-1158346.690117547
1073,5056412.822128942,6671413.670462317,-2720570.9310683613
1074,5047898.65352902,6659619.68128199,-587240.8939450623
1075,5047630.6251429,6659245.738301362,2533942.0589559623
1076,5034029.583947176,6642454.6290373225,1884476.9439208563
1077,5026036.686525774,6632619.03974382,2948355.1033224114
1078,5008176.914291598,6610327.28762713,2274945.915238448
1079,4997101.508487358,6596551.153421591,-4151522.439297763
1080,4977744.353041943,6569768.893962722,-751574.4290620084
1081,4980777.623659429,6573220.86468321,-714937.8645708032
1082,4981769.839288072,6574754.180688286,-3923716.1165175177
1083,4963524.218938679,6549605.9248501,-841159.2795378413
1084,4963951.056433996,6550313.718110534,-1399480.5871683788
1085,4962175.090130255,6547657.626748672,522528.267466468
1086,4960840.417890824,6546165.948546102,-694765.875311417
1087,4961317.914319535,6546521.8063659305,1488320.5023320292
1088,4955736.04003107,6539785.656708941,1632769.123281657
1089,4950578.763695798,6534011.648098331,-3150794.371115457
1090,4938532.744068639,6517348.8360151425,-964780.1407945348
1091,4941484.589938934,6520608.09836772,153137.55437494226
1092,4941212.74186603,6520602.151902663,714277.310680687
1093,4943789.560229017,6523833.923732961,-935576.8696997892
1094,4944396.490280654,6524787.548272079,-2323484.1223114226
1095,4961999.778025318,6546061.429416479,-3178325.2614217154
1096,4949569.5590434745,6528901.5711953845,125445.27810739058
1097,4949551.675316464,6529252.554585595,1155043.8858629349
1098,4954286.790158328,6535246.22676576,-965380.668713606
1099,4957749.319007781,6539134.581576621,124367.01538461636
1100,4957592.958287095,6538980.29181024,-125050.51920923876
1101,4963568.456022712,6547514.262589518,699879.2870973194
1102,4964563.791012543,6549611.914242383,-2326359.252647904
1103,4961616.527914474,6545657.478796634,50681.48526382046
1104,4962616.704625952,6546850.519946429,-67106.7717289652
1105,4962561.461225432,6546798.548885054,-308704.07823711546
1106,4971028.0369933145,6558644.710299569,-177558.61045478922
1107,4970845.121459219,6558464.432634063,-695548.3034064581
1108,4970910.00534509,6558339.060735319,1841662.905105408
1109,4964125.115138138,6549942.72747977,1686305.104248516
1110,4961674.80663999,6546911.539284059,294425.3537701734
1111,4960957.120778295,6546312.314028071,-3254927.683494877
1112,4953380.886448508,6535006.917858062,117876.71968731895
1113,4955335.082880028,6537373.872767867,-1341932.1176607287
1114,5029855.800282462,6632360.132201502,-854847.4627968092
1115,5030284.084107526,6632572.436411111,745230.5391548264
1116,5088739.412967034,6707429.338989809,-505956.5047566893
1117,5137738.165018514,6769726.779456502,-871374.3363884893
1118,5137112.333524734,6768811.723454626,658364.5010637221
1119,5137589.454428261,6770164.102944639,1049630.6669446195
1120,5135179.738720269,6767717.295383828,-260447.95461395688
1121,5135702.271789206,6768274.445762909,210441.4438620409
1122,5179360.368928881,6823899.483144955,4985758.854241023
1123,5288167.724097243,6964696.125042627,2280519.6759211654
1124,5278000.834927427,6952096.525975429,-725407.7194202816
1125,5284406.260096537,6959761.315801659,2201096.1251737024
1126,5515991.86056686,7259255.115895094,559175.6299829034
1127,5541519.985360165,7291611.659876812,2211859.2991309376
1128,5594296.915910417,7359381.427048345,2351705.659670146
1129,5587948.308319531,7352526.038385861,1553325.4962663497
1130,5649536.297169744,7431518.961782867,-1986495.2160987195
1131,5647963.312330348,7429392.069806922,-3866050.238702328
1132,5631214.790727945,7406312.421115844,1011510.2746139824
1133,5803338.758623675,7635062.620623751,1181765.0461260672
1134,5879683.563077855,7737649.177169819,94038.42758862927
1135,5881240.755695439,7739487.217242147,-2835474.795147989
1136,5877711.8713295935,7733599.455892312,532558.1433840347
1137,5876581.100937966,7732480.05951362,-1626702.0456259246
1138,5877461.105288698,7733726.730373311,801960.7065617171
1139,5903145.143106955,7766280.025383388,3421639.2594720297
1140,5883159.208205705,7741287.402418696,-1150706.8034372784
1141,5886174.82029106,7744486.941392626,2076407.115872991
1142,5918522.769786437,7789198.81438047,3988117.446793213
1143,5901097.59365529,7768602.446883048,2542375.473835516
1144,5890521.591320184,7756002.678830892,789248.7256123149
1145,5890627.167962107,7756900.263930734,-1913291.8593868704
1146,5889713.9831040455,7755647.880211089,2455446.2609519875
1147,5897081.584580787,7765029.231885287,3113832.3676959244
1148,5879990.5734649915,7743738.980937406,631728.2845397526
1149,5887403.022297565,7754527.943355738,-1334620.0107058238
1150,5886285.408618755,7752722.135182806,4413804.175300629
1151,5882506.491233131,7747875.672880861,-950981.56305627
1152,5884719.9240829125,7751032.630939291,-5825726.72760696
1153,5851328.155591741,7706362.764960143,1448.8581866349696
1154,5855248.359876524,7711070.006652471,460084.585561783
1155,5875161.283726392,7738557.034502991,-1595230.811909966
1156,5873305.421918559,7735711.627204822,768805.1640961248
1157,5871937.078299483,7734100.376024221,-3972024.9652307946
1158,5861077.461678627,7719486.024344482,-139315.61835469902
1159,5861451.409341966,7719877.758662444,2301420.542910134
1160,5851513.418493367,7707621.249247038,2465070.472159094
1161,5844172.190454651,7698396.41281973,-715468.3381584495
1162,5861108.499153928,7719358.711050998,1391840.8461813433
1163,5856803.153728604,7714376.475298394,1254252.6703374856
1164,5866189.282412312,7728136.2915242445,5661076.698274295
1165,5813780.686144647,7661625.424310593,-287345.0666107748
1166,5818015.945984331,7667760.523197602,2673589.614311894
1167,5807791.809057067,7654909.780038616,-6827091.00001099
1168,5754454.375802863,7583128.600133614,-333577.6653187365
1169,5757193.55395845,7587181.804297761,-1621416.2734231565
1170,5756991.061380701,7586920.739569408,-2150967.3323871437
1171,5753479.680592852,7581614.423120461,1591553.377253484
1172,5754090.98911902,7583698.656979965,-2876068.8875117647
1173,5755988.4834230915,7584611.3839941835,1129050.1887121997
1174,5756429.130841234,7586185.570422871,2313684.867893745
1175,5748589.421179826,7577233.607839837,-1460833.9154973868
1176,5755365.835346343,7586542.576132922,-1338552.826883191
1177,5758075.486636666,7589299.998667344,-1530513.0562101658
1178,5763135.489365742,7596275.502961814,-2242285.436195304
1179,5758820.182763348,7590244.3430891475,-2984730.8911174946
1180,5750867.660904659,7578845.242331185,-221116.5425330489
1181,5751432.728747303,7579444.868345686,-454809.48346636654
1182,5787443.12617066,7624929.476752078,-291108.05945975694
1183,5787584.298846537,7625298.660020065,1527819.29993357
1184,5805500.704348205,7648064.887780093,-103167.55269816743
1185,5862508.54975424,7724646.6293983795,1685818.1976424132
1186,5858577.786603547,7719794.942506679,-2218610.7694045478
1187,5855565.880506034,7715653.335036362,-1494476.6716655262
1188,5856230.68447592,7715816.001052255,1135991.8951713052
1189,5856551.956125441,7717239.006730352,381806.7614295146
1190,5867773.403555385,7731248.6464411495,-1023441.2908356916
1191,5867761.007462904,7730875.618250218,-51445.550115918464
1192,5867513.5219159685,7730688.389513047,-1267644.1596968104
1193,5871952.89229482,7735636.005327298,837927.1417932488
1194,5869974.458581675,7733576.753430291,1592121.3686750326
1195,5864776.222326733,7727274.638242024,-479804.5419513654
1196,5867375.390378822,7731101.119621263,-597175.4912880779
1197,5867557.183166046,7731170.137651448,1426532.657628485
1198,5866407.755123162,7730755.127224248,3122432.848678738
1199,5850012.326824638,7710197.066582642,-742015.6752417086
1200,5851297.762733416,7711477.125736961,2842884.743376042
1201,5836594.2136208145,7693273.728208116,-67275.84214951111
1202,5836820.208613276,7693521.121345342,-572356.7575683383
1203,5840637.016264284,7699012.315922977,-1412180.6770565964
1204,5847418.523064018,7706844.057893584,-505292.148973884
1205,5851880.696435814,7713236.391667349,-1730329.5692222803
1206,5853985.524396476,7715054.087477419,-4279552.975757454
1207,5834407.464659572,7688185.912815407,-2290819.341664735
1208,5829683.415323547,7681534.562167894,329582.36411733425
1209,5829190.173195585,7681289.894188428,1897984.2873887927
1210,5832969.334834483,7686087.264965423,-2792070.855970628
1211,5827511.288815845,7677862.922332512,-657735.4578942573
1212,5827333.706269136,7677561.704110949,-1215571.7053076832
1213,5829994.282131993,7680322.233543996,742268.9224108377
1214,5843650.265802763,7697505.266052471,1215279.013453209
1215,5856707.448274308,7714012.294281946,436441.9221298092
1216,5864250.473340088,7724918.9987354735,239656.5208687698
1217,5863985.752769146,7724965.245084331,6836187.737753749
1218,5788316.977419313,7628489.920276763,757346.9132188198
1219,5788692.6321074385,7628967.217763723,-2002221.747188105
1220,5786125.416246102,7624892.015960161,-39362.72060610755
1221,5788895.485950527,7629112.325387009,538580.056354831
1222,5788395.020301016,7629020.444379876,84210.78704249625
1223,5788022.213483972,7628649.843972598,109050.44052271494
1224,5789174.693122179,7630014.585366802,-581960.5205137628
1225,5789618.921945978,7630372.093495397,-8058.571594073321
1226,5790457.895389067,7631341.343715653,617794.238456008
1227,5788959.372725464,7629672.078731527,-1215236.6158051863
1228,5794882.591525168,7636509.460464902,1785.7481506014872
1229,5794760.130914645,7636629.406746051,-1332908.6337970602
1230,5796376.008299209,7638940.172419067,-1938994.7370879948
1231,5793345.375853667,7634404.120285182,-693377.817372102
1232,5794131.105568405,7635640.406546414,-742677.4171905101
1233,5795285.332019285,7636764.2365011,-15607.880370700968
1234,5799690.712116324,7642102.495625344,-92528.50502148998
1235,5806941.89478653,7650987.912163234,521854.8063326949
1236,5807077.486118717,7651789.622136983,635914.7608853629
1237,5807141.679619666,7652561.833551342,-267903.77126881003
1238,5811584.021876558,7657879.195906625,-104438.01716751266
1239,5816514.514834702,7663851.91860304,-1162255.1615074188
1240,5815675.003085276,7662629.754762392,-617949.0779619538
1241,5815893.103680714,7662716.292084037,970701.9094271844
1242,5813966.706087362,7660881.545622078,2317660.387664724
1243,5804632.855597739,7649295.839159612,3190209.199169487
1244,5788543.413227352,7629795.5326168705,2220940.2086723894
1245,5778848.138839581,7618053.62764172,-543436.9214705252
1246,5778862.873309496,7618168.906138963,-460098.01921770966
1247,5779495.601547497,7619243.395421232,-4203340.465780101
1248,5763166.316321997,7596346.983970384,-1868888.5180150275
1249,5761281.350932302,7593189.280817739,71344.26859984192
1250,5764839.3645974845,7597496.652937937,-1094914.406767924
1251,5767740.332712789,7600609.225398148,6572266.239267045
1252,5703168.757976388,7519099.94123718,949970.4422171324
1253,5701775.06888008,7517421.349019206,-805052.3857145609
1254,5702320.885092264,7517811.452094721,-3891277.24780311
1255,5685862.779761574,7495191.833100143,-1371410.8396889607
1256,5684428.115316375,7493065.979391013,-696030.1285549684
1257,5684325.933171822,7492973.3331086375,115115.74828397093
1258,5684551.721639439,7493241.9392110035,1299736.8397103464
1259,5680613.079708953,7488522.755974464,2136409.5385726453
1260,5672360.89266997,7478802.113748792,-561600.6388262046
1261,5672927.875192286,7479745.486670282,-1296246.4549901022
1262,5671815.574497049,7478137.144582518,-2875356.4298563693
1263,5663325.486790311,7466259.5520138405,-1240626.939259182
1264,5662209.104218912,7464579.924728882,9557.106357257606
1265,5668344.3784418665,7472094.320109238,-1034782.0653167536
1266,5667706.781995589,7471160.200880329,-191873.3677605833
1267,5667549.049237462,7471021.588231881,-762619.0895590571
1268,5670011.291902261,7473728.9111631615,-484657.8766424074
1269,5670060.507269471,7473690.305164871,-973175.9557365852
1270,5670811.71785764,7474227.5498231845,520619.8027010873
1271,5669602.3895187285,7472899.341796079,-23916.694003128072
1272,5672317.627545245,7476142.092870053,-165581.81878993977
1273,5672744.53994558,7476599.502016999,-561921.0535974697
1274,5681987.195134938,7487860.347533987,1783089.3491145014
1275,5675438.017277351,7479894.840422198,-1750924.894829345
1276,5674148.075407965,7477521.279776992,333744.25483887567
1277,5679193.603358994,7484997.365565143,1857682.081152724
1278,5692918.195758858,7504844.543206664,-1201493.9080354488
1279,5697381.654631969,7511071.469131742,-559125.2990177964
1280,5698562.065672959,7512896.547053413,-1634847.1140847662
1281,5711222.917580113,7530097.954551424,-1069431.5381698676
1282,5711143.3047489785,7529611.038119699,-1164592.2938973545
1283,5713527.743609089,7532998.301961805,207597.33132605453
1284,5712933.919140398,7532405.724953285,1672226.8686193873
1285,5708019.963700208,7526371.779401137,337504.3901552904
1286,5712393.059544822,7532941.824442375,-32902.56423583081
1287,5712699.16215489,7533288.706717031,486936.2577556677
1288,5711974.71675623,7532468.017407045,300203.20253697806
1289,5714527.977466276,7535576.679396443,-738765.118187559
1290,5714280.411704911,7535222.581680883,193278.24868941776
1291,5718645.230258799,7541725.777992771,1010801.1150335704
1292,5715888.180171356,7538496.408519969,-154938.33228621658
1293,5715873.1363961445,7538702.610595848,-482182.3597184801
1294,5715756.448991341,7538574.45908076,-45145.25393062875
1295,5725067.205324829,7550077.124710973,344688.8481652739
1296,5725455.871556451,7551144.590498354,559675.3232644736
1297,5724357.401985163,7549895.872266687,-1916713.086368962
1298,5721282.849325883,7545535.119332279,-1226817.1925581987
1299,5720316.39884734,7543985.339174956,-280915.163033191
1300,5720433.842159796,7544080.70526231,-261959.21230409865
1301,5720568.325016692,7544197.802768092,790617.3957279524
1302,5720033.268255497,7544228.072990053,1871569.0751340103
1303,5715186.127228365,7538219.749134177,1642358.381339915
1304,5709637.654248875,7531468.2812885875,921278.0444323624
1305,5707369.781727649,7528806.127083845,661327.3180112995
1306,5705772.840773392,7527176.670395905,-91852.78172351432
1307,5707759.799173541,7530300.179766804,-132873.41396777035
1308,5708063.903553724,7530631.503713717,-1216583.241229602
1309,5718230.073424568,7542833.868932701,-2534895.6955162915
1310,5711994.60070756,7534080.026675662,-763294.9517289525
1311,5712039.818815532,7534223.469446282,1943130.5857690084
1312,5704458.505172196,7525211.088868046,-1057341.5393839472
1313,5704002.595269997,7524325.751636529,380696.64148546127
1314,5705692.3752790615,7527239.719375241,-133168.80198447936
1315,5706020.903242054,7527596.284834669,526297.7305273949
1316,5704712.13798147,7526167.277282926,-455126.5581427914
1317,5705023.726042378,7526424.783811038,-1166736.1140627735
1318,5704125.976920323,7525023.744450368,946000.6777130584
1319,5701499.548037312,7522099.367326395,338266.27739044046
1320,5708019.374417995,7531594.371157878,289144.30912915093
1321,5707251.892989382,7530794.256024672,-489460.94344114495
1322,5707617.904696977,7531469.921343697,621327.2528065257
1323,5711255.504469766,7537171.957293689,1592761.3333603176
1324,5707406.382195149,7532436.085441998,-1404798.651375302
1325,5707420.461239831,7531876.677999819,172263.87069673813
1326,5707051.687337491,7531734.382867093,-1759030.1498591036
1327,5705459.979312726,7529539.429814064,-1288474.6262846317
1328,5704445.881469985,7528081.069523168,-817336.1867857823
1329,5708664.360407279,7532947.477895253,-470173.5119565987
1330,5708579.478246584,7532901.096717402,-368636.95375268464
1331,5710616.109121749,7535227.340288138,-534011.2842518842
1332,5713853.398472171,7538974.477940634,856481.1218764685
1333,5713990.467677271,7539166.228817541,933642.785625994
1334,5726828.557399421,7555361.292953975,-43806.49692137944
1335,5731353.937958622,7561992.0634324085,3863.024142001736
1336,5732486.900130174,7563952.901299292,687986.89934429
1337,5731340.530178034,7563038.530115149,1951687.2391363368
1338,5724589.787997167,7554701.36919198,1885875.52342085
1339,5717582.12631839,7546478.398489567,-2832040.0595260398
1340,5713272.621817672,7540648.274920207,-533267.4331903938
1341,5713181.864627467,7540575.102312624,2364865.2949113194
1342,5701995.227628652,7526782.147165513,-1961995.819439225
1343,5703125.5792295,7528378.938806463,1387405.8774536443
1344,5702929.171416589,7529269.672559573,-917665.6216588274
1345,5702496.161711986,7528611.20632872,-316631.1149421405
1346,5704118.032167449,7530451.864394158,-815219.2660892
1347,5708080.152079189,7535003.0886822725,-821814.1706357915
1348,5707749.879738433,7534492.421975245,-21045.73099657918
1349,5708272.772495614,7535090.346962477,-534956.7433479776
1350,5718019.546362983,7547003.835359808,-1254719.9508550467
1351,5717172.055565637,7545553.2129466,560560.9323464924
1352,5746636.830529919,7582931.381832925,-144718.77401106013
