,VaR,ES,Loss,Date
0,0.0,0.0,0.0,0.0
1,2.7528233351635976,3.1726198617323114,-0.4276482636512929,2011-03-31
2,2.7533598451180157,3.1734543221345874,-0.4607080749540836,2011-04-01
3,2.7536816978115337,3.1738658217796303,-0.2108750339924974,2011-04-04
4,2.7541109491887017,3.17427463161752,0.2160669939821497,2011-04-05
5,2.7535232499695517,3.173841136246241,-0.185214416670113,2011-04-06
6,2.753388764587259,3.173697208491894,0.159490114659846,2011-04-07
7,2.7528746300267795,3.173097464676381,-0.7364677141721764,2011-04-08
8,2.755048080015787,3.1753071190081124,0.7850649490021784,2011-04-11
9,2.75009747555297,3.169552514850074,1.8114444558433,2011-04-12
10,2.749996151382269,3.1696166309545375,-0.8560566725592887,2011-04-13
11,2.7553311677984826,3.1754884362068836,0.1587883980838417,2011-04-14
12,2.7523261546182765,3.1721357529772494,1.2058524866229263,2011-04-18
13,2.750314623494669,3.170200399705083,0.0912606554491125,2011-04-19
14,2.745617641182854,3.1646686507712496,-2.3497744757583963,2011-04-20
15,2.7475118351880847,3.1665121953449407,-0.6363544243007062,2011-04-21
16,2.7489023004459088,3.1679499713451236,-0.1092918469432218,2011-04-26
17,2.7482244975126755,3.1672369656043657,-0.8949968095487736,2011-04-27
18,2.7484447623650503,3.167490184179604,-0.2504639615763614,2011-04-28
19,2.749090859201357,3.1681688433475714,-0.4456467062116379,2011-05-02
20,2.732299948742865,3.1480145082701925,3.5348289292029644,2011-05-06
21,2.7283224835157522,3.144433587854027,-0.8017158362621531,2011-05-09
22,2.731508651365553,3.1478482427210652,-1.1460261142169934,2011-05-10
23,2.7337367464907465,3.1500057807329664,1.1951497542132268,2011-05-11
24,2.731643451585075,3.14786414415455,0.249439702557567,2011-05-12
25,2.7296524399041524,3.145551184604317,0.928392825224834,2011-05-13
26,2.726432590275324,3.1419920643604082,1.5650103539593347,2011-05-16
27,2.7252978512799055,3.140850389780661,0.2320941165272796,2011-05-17
28,2.7273623407443215,3.1430700407952763,-1.4162997518999818,2011-05-18
29,2.7328870816050723,3.14907116727761,0.0378534634021746,2011-05-19
30,2.747705595258039,3.166131963927373,0.3500003073466298,2011-05-20
31,2.7708854104099694,3.19289800806633,1.9957898720867988,2011-05-23
32,2.768178935524513,3.1901951790770626,-0.197318620263128,2011-05-24
33,2.770219704123964,3.19296848600773,-0.7040172609889835,2011-05-25
34,2.7788572967720993,3.203918760576844,-0.8125200937197365,2011-05-26
35,2.7797829871229607,3.2051486776550044,-0.3959538496468009,2011-05-27
36,2.778462412644636,3.2035272129719594,-1.5455199622103364,2011-05-31
37,2.795870851206765,3.223240489580961,1.6700725798794622,2011-06-01
38,2.7938527261444515,3.221403675739705,0.5222636677591523,2011-06-02
39,2.7925820057590243,3.2201921236727236,0.8321381440525337,2011-06-03
40,2.797179696227531,3.225364778119789,1.2219128429530055,2011-06-06
41,2.7960949053041735,3.224682615678927,-0.3567821546185474,2011-06-07
42,2.7964285898685337,3.2253015611515488,0.5093941337723877,2011-06-08
43,2.796011964253227,3.2248743217100397,-0.5346003736077566,2011-06-09
44,2.7942416510925288,3.2226648016861077,1.2213042108047754,2011-06-10
45,2.7938387359025225,3.222325371962421,0.4078253288593357,2011-06-13
46,2.7918396452773755,3.2202641305377298,-1.43127647283287,2011-06-14
47,2.7902645025311568,3.2185047180260837,1.7462136636054069,2011-06-15
48,2.786820891512015,3.2148399257570697,0.8086577066494776,2011-06-16
49,2.791812922272752,3.220596055600126,0.357427607765896,2011-06-17
50,2.802455902201727,3.2327919673469063,-0.0052590556416477,2011-06-20
51,2.8003815480031795,3.2306142624753487,-1.7259073902064928,2011-06-21
52,2.8095756495071433,3.240825839682577,-0.0704111743970299,2011-06-22
53,2.809321844900491,3.240462023410024,0.7125788642582158,2011-06-23
54,2.8115669255794704,3.243894555322409,0.7081087232243276,2011-06-24
55,2.810608379445749,3.242966912048025,-0.3740985190911889,2011-06-27
56,2.8100137740004407,3.2425442573443544,-1.488597285789516,2011-06-28
57,2.812801151387111,3.2461320815017727,-1.4416263703877377,2011-06-29
58,2.8137288881818394,3.247143588597833,-0.7133690086826763,2011-06-30
59,2.8135184703275447,3.2470248184666017,-1.159322267004739,2011-07-01
60,2.8139052049027207,3.247407154900634,-0.7867472711770376,2011-07-05
61,2.8140527533537623,3.2476484862060726,-0.2981623117062401,2011-07-06
62,2.8169024225471153,3.250753572222932,-1.432947113245422,2011-07-07
63,2.8182335940737526,3.2520323000386884,0.2847489246824711,2011-07-08
64,2.814206228313662,3.247731049241397,1.828552740908124,2011-07-11
65,2.8105166143632037,3.243910418984068,0.8151971878753914,2011-07-12
66,2.809912973180496,3.2432810919757693,-0.7626470648268626,2011-07-13
67,2.8093948630727903,3.2425124859261403,1.0163171915996143,2011-07-14
68,2.8081315722359625,3.241225789246807,-0.73005579530484,2011-07-15
69,2.808696609958335,3.2420916402572852,-0.2192873727365121,2011-07-19
70,2.8087528954657874,3.2425147932665586,-0.4942171807587794,2011-07-20
71,2.808961662225541,3.242653602413883,-0.7100068946836454,2011-07-21
72,2.810710858536223,3.244455505051576,-1.0611844236857817,2011-07-22
73,2.8104582779760774,3.244229192220155,0.7103651861610802,2011-07-25
74,2.810068364298819,3.243861322546974,-0.2182424697259041,2011-07-26
75,2.8066372478096584,3.23983657290429,1.8962838862385367,2011-07-27
76,2.803987316455414,3.2371294087941913,0.4659125620332857,2011-07-28
77,2.802379896826846,3.2355150692125187,0.8139805689473759,2011-07-29
78,2.8013436045263815,3.2344453872962684,0.201282675019016,2011-08-01
79,2.795743286679192,3.2278603875937324,2.036108267893306,2011-08-02
80,2.7918116997376763,3.2234883237180925,1.1867281416255016,2011-08-03
81,2.7702528084607247,3.1981053420336023,4.226692714816407,2011-08-04
82,2.76219403983086,3.189423581538059,1.6757979371775205,2011-08-05
83,2.7215088224098944,3.1410104113694035,6.024987888949054,2011-08-08
84,2.711798644373941,3.130500710452433,-2.7880157860866865,2011-08-09
85,2.7048940594902557,3.1219173465689085,2.5323552911292047,2011-08-10
86,2.693135396182479,3.1086250800342263,-3.219254244074281,2011-08-11
87,2.695737995263485,3.1113118699021105,-1.0193459719744664,2011-08-12
88,2.693941411694175,3.109204288758326,-1.7350945605643038,2011-08-15
89,2.69435376043464,3.109488722339545,0.7572865216201269,2011-08-16
90,2.69321023699513,3.108351093768672,0.0694759261995669,2011-08-17
91,2.6710068151922015,3.081916619984841,4.660372941994826,2011-08-18
92,2.664193739462653,3.0746374641663112,1.485162594014847,2011-08-19
93,2.663016269310809,3.073477805579806,-0.0523210441123101,2011-08-22
94,2.6576940758059973,3.067383046166452,-2.876504440977722,2011-08-23
95,2.661698338227321,3.0715129033772213,-0.2054974849752417,2011-08-24
96,2.6623727303012634,3.0722088037189406,0.7599277476052746,2011-08-25
97,2.6605514041484257,3.0702459928150883,-1.421529715338801,2011-08-26
98,2.6597635713449903,3.068950772454147,-2.308985729680146,2011-08-29
99,2.663162048416725,3.0724365699718783,-1.0915194015776757,2011-08-30
100,2.6641033119564352,3.0732746776978246,-0.9216046183448762,2011-08-31
101,2.6657886211147748,3.074963814065251,0.4465482911184898,2011-09-01
102,2.6634143279665756,3.071908454030805,2.375426639865233,2011-09-02
103,2.653916482266568,3.0609783312440775,2.371689603236512,2011-09-06
104,2.644730141218833,3.050765299271194,-2.9471618882697364,2011-09-07
105,2.647049523402999,3.053316903476026,0.2697533984457878,2011-09-08
106,2.6381499862416544,3.042850152042066,2.4118924145266645,2011-09-09
107,2.635365476738221,3.039901365078912,0.7859876999389367,2011-09-12
108,2.634378077161739,3.0389171408705713,-1.0413584470386097,2011-09-13
109,2.6345183292235554,3.039088554351091,-0.7108840337917366,2011-09-14
110,2.6335439216971803,3.038254899687932,-1.6613890566390204,2011-09-15
111,2.635489478678356,3.0401959549538273,-1.0246165028574783,2011-09-16
112,2.6301570641001653,3.033984696672713,1.6821150204150288,2011-09-20
113,2.6234472085717466,3.0263375225761844,1.6694164212091218,2011-09-21
114,2.6053119661319806,3.004563703617486,4.143601221313225,2011-09-22
115,2.598929142639961,2.9979973556384603,-0.937156947537604,2011-09-26
116,2.596030262837571,2.994014887118928,-2.849014203908681,2011-09-27
117,2.601802954538311,2.9998133568713667,2.079811228823372,2011-09-28
118,2.60099916804805,2.999119513421438,-0.8271516677370389,2011-09-29
119,2.5922428406823697,2.988324672446267,2.5308654450021257,2011-09-30
120,2.582665219981744,2.9774961620408438,2.63063054193419,2011-10-03
121,2.580016681370647,2.974847588070722,-0.6531162770376518,2011-10-04
122,2.5879948243580975,2.9838094257366348,-2.029629640508862,2011-10-05
123,2.5831938049878316,2.9778084409952763,-2.563017440347676,2011-10-06
124,2.5931810003104534,2.9887638910017404,0.204661396505107,2011-10-07
125,2.581190714163656,2.9746744764387594,-3.717548165401841,2011-10-11
126,2.598069948090889,2.9950147673572953,-0.9793677582775884,2011-10-12
127,2.601500194157249,2.998662077555466,-0.3577921532831678,2011-10-13
128,2.599136997294448,2.996065936634741,-1.678642902000668,2011-10-14
129,2.596877054495132,2.993206620320189,1.2440199828186256,2011-10-17
130,2.5944992104058358,2.990842150570509,-0.507561249120883,2011-10-18
131,2.598659877021849,2.9963047097146562,1.1619646063957132,2011-10-19
132,2.595714208564094,2.993033714345291,0.627193653975039,2011-10-20
133,2.6003535128947575,2.998360114801677,-1.419363131461029,2011-10-21
134,2.5965821536941207,2.993635654633141,-2.25297356702836,2011-10-24
135,2.595754452157433,2.9922331008742984,1.557777840081762,2011-10-25
136,2.598590182146459,2.9956231695182134,0.0525419232279446,2011-10-26
137,2.586026288893964,2.980373019157573,-3.778661877408585,2011-10-27
138,2.600581170954316,2.9963890837499196,-0.0132200922372759,2011-10-28
139,2.593207127839298,2.98766069895866,1.9601485454755736,2011-10-31
140,2.580571278798754,2.973054048604639,3.092270402450048,2011-11-01
141,2.5845879972834713,2.9791425364498156,-0.3995732673624432,2011-11-02
142,2.5851037070335607,2.980042111817014,-2.038124657603951,2011-11-04
143,2.5864309757813224,2.9813688966906864,-0.2469770684966562,2011-11-07
144,2.5872944809893825,2.9822657701825825,-0.7485819149508601,2011-11-08
145,2.5759477989894535,2.9690705214573065,2.99871757987725,2011-11-09
146,2.5752077745205066,2.968633697561637,0.7013696451034116,2011-11-10
147,2.5719469614919386,2.9648896669904246,-1.861555300385947,2011-11-11
148,2.5723719420394615,2.965312279080947,0.7525583022808067,2011-11-14
149,2.5708864532703735,2.9638407966853775,-0.2036991832710135,2011-11-15
150,2.568008720168282,2.9605408715859634,1.0360650499222113,2011-11-16
151,2.5640134282330656,2.956533989075371,1.878950037087432,2011-11-17
152,2.5617120828112188,2.954552982574248,0.8414746898197271,2011-11-18
153,2.5537017428497184,2.9453092368549307,2.025467502426259,2011-11-21
154,2.551362682196142,2.943311951067872,0.1515522765718844,2011-11-22
155,2.540405456016198,2.930347223976969,2.8614037884569457,2011-11-25
156,2.529500832817176,2.9177142112879104,-3.425573032646961,2011-11-28
157,2.5323358637475666,2.9205804738812264,-0.874667345395069,2011-11-29
158,2.521502659745619,2.9075556276049626,-3.262200501486256,2011-11-30
159,2.5266135197527233,2.913362475235093,-0.2705129338253976,2011-12-01
160,2.5261689314418003,2.91291396064859,-0.679270836289544,2011-12-02
161,2.527559246912281,2.914340862982825,-0.9174984808413468,2011-12-05
162,2.527551598041411,2.914394292714362,0.3601581812630766,2011-12-06
163,2.526514130972542,2.913512541751869,-0.1585863128725601,2011-12-07
164,2.5201306464508204,2.905908565621472,1.8584359200977736,2011-12-08
165,2.5167783917993307,2.9025687285305737,-1.0864313888589263,2011-12-09
166,2.5157570746673086,2.9009602156157737,1.2277282295665497,2011-12-12
167,2.5137092435774333,2.8988173945522737,0.7300506447462306,2011-12-13
168,2.5067416905022193,2.8909516497284877,2.3042982915161248,2011-12-14
169,2.5037146160648787,2.8879118060020366,0.3029638684404844,2011-12-15
170,2.5039289211498765,2.888159303129775,-0.4993882401545824,2011-12-16
171,2.5047225340574304,2.8887831785375067,1.07700019659697,2011-12-19
172,2.4973614088731173,2.8802075587489635,-2.9583819512984806,2011-12-20
173,2.504655245989297,2.8880646692484215,0.0353176816522281,2011-12-21
174,2.504604723449644,2.888226497546183,-0.6098039563114744,2011-12-22
175,2.506574548215776,2.8903100855835713,-1.1991072429764682,2011-12-27
176,2.5053628730767494,2.889064513696503,1.2341033268065795,2011-12-28
177,2.5032043181183585,2.886903958512061,-0.7786827158261951,2011-12-29
178,2.5047366202491967,2.888945856496694,-0.0760425050418974,2011-12-30
179,2.503158436138557,2.8875270497346177,-2.237502385299608,2012-01-04
180,2.5041908263486343,2.888461877686099,0.3583232852272309,2012-01-05
181,2.5030239567459063,2.8871930380122244,0.1708850986297841,2012-01-06
182,2.500829383155332,2.8846471595143974,-1.1778688987389727,2012-01-10
183,2.504221771917579,2.8888224524420023,0.1552351293259932,2012-01-11
184,2.503010141224988,2.8875719484011957,0.3941300668242035,2012-01-12
185,2.5019509011675134,2.8864877650085186,0.06047471502686,2012-01-13
186,2.500883500842479,2.8852630081264516,-0.903272588385178,2012-01-17
187,2.501861179399267,2.8861323049186813,-1.004006428428749,2012-01-18
188,2.5018491832801804,2.8860384321259853,-1.091638099885924,2012-01-19
189,2.502490912474641,2.886691734533963,-0.1358350383396008,2012-01-20
190,2.504570812491373,2.88897892194122,-0.4495279112796948,2012-01-23
191,2.5083024981693964,2.893071027233881,0.0209525281762693,2012-01-24
192,2.5161794260077417,2.902035626817533,-0.928819001954583,2012-01-25
193,2.517552232281717,2.903446676698655,-0.0013163198951939,2012-01-26
194,2.520011421946646,2.9068708070583598,0.0085303366983933,2012-01-27
195,2.517961595895851,2.904528866214663,0.8508811447825202,2012-01-30
196,2.5168345164130366,2.9033986016541067,-0.2160695676470727,2012-01-31
197,2.5166582545581355,2.903011280202896,-1.230866247714765,2012-02-01
198,2.5179613919201764,2.904526755324396,-0.2856588194692224,2012-02-02
199,2.5169468896721594,2.9033146698823007,-1.2184692040701577,2012-02-03
200,2.5180722156154203,2.9044382454298563,-0.2316434710583899,2012-02-06
201,2.519092355775085,2.905546911661388,-0.0488920022548157,2012-02-07
202,2.51905085528184,2.905756755947979,-0.5361089550242917,2012-02-08
203,2.519905495540955,2.9066313414159985,-0.2662304579042148,2012-02-09
204,2.5170821871636977,2.903488497333399,1.1804205031821366,2012-02-10
205,2.5154353711348048,2.9021595640918574,-0.8704944689815222,2012-02-13
206,2.5159310149571303,2.9026666232689498,-0.0814938550432766,2012-02-14
207,2.515140104212405,2.901890640478886,-0.4600782516747638,2012-02-15
208,2.514909202349504,2.901614923127602,-0.9812083419207998,2012-02-16
209,2.5156019506655682,2.9022889749636884,-0.4200601208318329,2012-02-17
210,2.515834321052136,2.902482876633032,-0.7376611213283948,2012-02-21
211,2.5160309410753556,2.902722239746327,0.0788808509235465,2012-02-22
212,2.5157167420599333,2.902513363533348,-0.5422438205656157,2012-02-23
213,2.5156589055723257,2.9026106884171847,-0.2947722321099962,2012-02-24
214,2.515415757947052,2.9024404103374692,0.1978031891074487,2012-02-27
215,2.5158194494153943,2.902897254857052,-0.6056602892890613,2012-02-28
216,2.521329097801234,2.9089973817984656,0.5832912329462183,2012-02-29
217,2.525191546259026,2.913353619874105,-0.8942334380365172,2012-03-01
218,2.5277600115506496,2.9160771780947137,0.1933334143739397,2012-03-02
219,2.5256741460669607,2.9137046270578177,0.9263728109001924,2012-03-05
220,2.520815142322603,2.9079239630965534,1.8759463424306544,2012-03-06
221,2.5179811172263578,2.90522134358276,-0.5482601731714268,2012-03-07
222,2.5184725570943907,2.906174999636166,-1.7232782689807788,2012-03-08
223,2.5197474684478762,2.907477883159426,-0.8456429178361444,2012-03-09
224,2.5204171869862853,2.908105540336331,0.2140875702585123,2012-03-12
225,2.519492778030701,2.9075089806373757,-1.4830617045015169,2012-03-13
226,2.5682935469062325,2.964156396085537,-0.3487123806915618,2012-03-14
227,2.5699067407503637,2.9659165305297814,-0.5912169125425824,2012-03-15
228,2.5724971638132605,2.9693153089381523,-0.379225009556313,2012-03-16
229,2.576742618683613,2.9748534435965577,-0.3547904381665931,2012-03-19
230,2.5745139676850384,2.972378606255384,0.9533781184529752,2012-03-21
231,2.572086967068923,2.969975983109939,0.5904505023292241,2012-03-22
232,2.57619856114731,2.9747164957285617,0.0303050896158126,2012-03-23
233,2.5759160682526905,2.9742623759007323,-1.3220810920468526,2012-03-26
234,2.577841703016059,2.976234708259393,-0.3526883822726443,2012-03-27
235,2.5766878716098174,2.9751198886648176,0.9263130639162768,2012-03-28
236,2.5752868675540648,2.9740545384854835,1.0216850811240998,2012-03-29
237,2.5755890406151685,2.975008480566733,-0.2847562662179304,2012-03-30
238,2.5752026083808515,2.9744272061190706,-1.0574493844216235,2012-04-02
239,2.5755768286420935,2.9748888384016308,0.6971698826102218,2012-04-03
240,2.568554537449676,2.9667020221836324,2.3308083383008023,2012-04-04
241,2.5658308482624825,2.96397910713075,-0.2414499457471819,2012-04-05
242,2.5543858950434735,2.950390299633705,3.201957090755648,2012-04-10
243,2.550801790150977,2.9467821294103254,-0.4217178054179671,2012-04-11
244,2.5486822875605464,2.944211903538983,-1.395994301487099,2012-04-12
245,2.54961222131114,2.9449204940331692,1.0689635517700002,2012-04-13
246,2.5472588121897437,2.942336586393905,1.0764589659068795,2012-04-16
247,2.544298410928686,2.939107414584835,-1.5891576510838494,2012-04-17
248,2.5461931818025585,2.9410266658513633,0.1523830530117015,2012-04-18
249,2.5449185382658026,2.939701713459107,0.8560252588971118,2012-04-19
250,2.544655285017805,2.939469179505779,-0.102193972728653,2012-04-20
251,2.544653731857748,2.939216620147937,1.2423221988994682,2012-04-23
252,2.5428317111780876,2.9374115417243796,0.0666797525899298,2012-04-24
253,2.5409444771683742,2.935337094239405,-1.8028721841947448,2012-04-25
254,2.5419692372295017,2.9364856186151997,-0.6021926978176573,2012-04-26
255,2.5423917041110093,2.93709615577695,-0.2870421963558461,2012-04-27
256,2.54118932761514,2.935782475406124,1.0845027236544127,2012-05-02
257,2.531384066312542,2.9242005083558027,3.310823152545731,2012-05-07
258,2.5279624755078602,2.921000203506726,0.461704239733138,2012-05-08
259,2.5256547473066755,2.9185775251644857,0.811619087808735,2012-05-09
260,2.5253788800018686,2.9183593553865075,-0.1259036893665158,2012-05-10
261,2.5251456236865453,2.918063362061172,0.1525763688622424,2012-05-11
262,2.5211183438499587,2.9134733237744266,1.4015357542137787,2012-05-14
263,2.519068981796013,2.9113383466895346,0.4663368404989934,2012-05-15
264,2.51790744454469,2.9100066784418326,0.7607286475466326,2012-05-16
265,2.515189506093316,2.9070175604187964,1.3024204945003228,2012-05-17
266,2.5118421219920655,2.9032240023124287,1.5185075330032218,2012-05-18
267,2.5077770047421333,2.8986757505576,-1.776573023496708,2012-05-21
268,2.509816354853138,2.9007328165093136,-0.2356972678989097,2012-05-22
269,2.5072247758549904,2.8978010964500465,1.156422873567148,2012-05-23
270,2.5057671746487404,2.8963443691849533,-0.0870698736569639,2012-05-24
271,2.5065857320853486,2.8972223397827297,-0.1555516089805417,2012-05-25
272,2.5050813029718144,2.895456052703168,-0.9154078202705666,2012-05-29
273,2.503723126738055,2.8938736914143575,1.517745045441377,2012-05-30
274,2.501504120372206,2.8917611772046437,0.7099720320300769,2012-05-31
275,2.4927065186676436,2.8814410588118498,2.778298362453258,2012-06-01
276,2.489711248260934,2.878434104753906,0.1268109198376644,2012-06-04
277,2.495954712032569,2.8855108633935243,-0.6608532590241183,2012-06-05
278,2.4897591701669444,2.878020616652226,-2.6700883844624403,2012-06-06
279,2.4955160615653305,2.8841127758860283,-0.0250031331479709,2012-06-07
280,2.4955608380860923,2.8840900094027218,0.0647057931606277,2012-06-08
281,2.493912974564172,2.8824004729804695,0.8551361520112967,2012-06-11
282,2.492810268764038,2.8812337697390484,-0.5060518378302424,2012-06-12
283,2.492917176968748,2.881359501033946,0.5134875509980964,2012-06-13
284,2.4939199127564633,2.8830331134866105,-0.5799531173421933,2012-06-14
285,2.4931665268591323,2.8820656031621885,-1.0770935194529507,2012-06-15
286,2.496039733235242,2.885083284104705,-0.8005239401963065,2012-06-18
287,2.49537220821094,2.884303320774518,-1.0164630058888176,2012-06-19
288,2.4961001476796953,2.8851218286663336,0.0301793221357156,2012-06-20
289,2.490328852250638,2.87827686137271,1.6639507719534907,2012-06-21
290,2.487762551135607,2.8757079752357937,-0.5133607409456641,2012-06-22
291,2.485860109080719,2.8735323529379873,1.2786509411422846,2012-06-25
292,2.484296129975937,2.8719662864669524,-0.2599648798447367,2012-06-26
293,2.4835002796349848,2.871114004318845,-1.0407987344766745,2012-06-27
294,2.4841111112981076,2.8716981869168325,0.3861370000759957,2012-06-28
295,2.4693257129101016,2.8540441572899855,-3.801255263794976,2012-06-29
296,2.4732750339360585,2.8579859533287895,-0.4488988937437415,2012-07-02
297,2.4711651454484445,2.8553340013185644,-1.618197397915026,2012-07-03
298,2.4735844492266867,2.8577781476038537,-0.0163846611142087,2012-07-05
299,2.469479133065509,2.8530567257056307,1.6457158584035114,2012-07-06
300,2.46757215083407,2.8511361917656535,0.1166611421750052,2012-07-09
301,2.4668521744630016,2.850551363764558,0.6157439963484491,2012-07-10
302,2.4658069111525003,2.849554624634315,-0.0171327925549368,2012-07-11
303,2.4645746641120105,2.848086819954524,0.7870147765506392,2012-07-12
304,2.4616437857284454,2.844854782856416,-1.3015128457545082,2012-07-13
305,2.4622911320495873,2.8455010185816056,-0.5018027159066112,2012-07-17
306,2.462635173622008,2.8457910386587044,-1.0001558328958002,2012-07-18
307,2.4631798007644847,2.846207602512914,-1.148903744103606,2012-07-19
308,2.46262969199947,2.8452984749292645,1.2596912627584684,2012-07-20
309,2.4547428019254003,2.8361278406632704,2.131034071181705,2012-07-23
310,2.4519517276917613,2.833244703416972,0.7786373112154289,2012-07-24
311,2.4515932361869504,2.8329021203298126,0.2248699161134393,2012-07-25
312,2.45270454024192,2.833957892410837,-1.5447109875062686,2012-07-26
313,2.453589732703024,2.8344427989000947,-1.957861530104919,2012-07-27
314,2.4588875147490246,2.840860585035117,-0.5061119041014468,2012-07-30
315,2.458780620661904,2.840733383278814,0.4058495571916458,2012-07-31
316,2.4619100484097465,2.8442796177763583,0.3560120060513043,2012-08-01
317,2.460359190497833,2.8425358714035336,0.7862893313001444,2012-08-02
318,2.457472181518293,2.8391114656819068,-1.7760649076299424,2012-08-03
319,2.4584409840740022,2.8399388585978618,-1.007887161094864,2012-08-06
320,2.459418798048532,2.8412389819679764,-1.1346749401577034,2012-08-07
321,2.46047432061081,2.8422970394879554,-0.0396478746844198,2012-08-08
322,2.4597069741955644,2.841460612882587,-0.7936164170511013,2012-08-09
323,2.4601607930448224,2.8418904728508796,0.4317662041958163,2012-08-10
324,2.460115589515579,2.842213186024035,0.3514286714998376,2012-08-13
325,2.45923757005386,2.8414393113633127,-0.1688576483689914,2012-08-14
326,2.459120676439457,2.8413280026136483,-0.4485605395308618,2012-08-15
327,2.458597101864049,2.8406198911195712,-1.1231976392227556,2012-08-16
328,2.4601290565132876,2.842169490722522,-0.6041347303679385,2012-08-17
329,2.4602728305302737,2.8424507815503426,0.0166782394911778,2012-08-20
330,2.460186582069337,2.8423601547946302,-0.1935369240847302,2012-08-21
331,2.4603310915905072,2.842494367293761,0.1253219820334027,2012-08-22
332,2.4595007788819827,2.8416886894737927,0.4826233664622041,2012-08-23
333,2.4584868733445053,2.840712195156109,0.1755126157687891,2012-08-24
334,2.457972047999407,2.8403472750377188,-0.181049403368277,2012-08-27
335,2.457503060681774,2.840003942276949,0.3023950000752095,2012-08-28
336,2.4568008307907805,2.8393826637272865,-0.2745148550622629,2012-08-29
337,2.4556859020584088,2.83807351399273,0.9635754334495163,2012-08-30
338,2.4544740390039403,2.837007590188337,-0.2888730835018268,2012-08-31
339,2.457023025457928,2.8397700743792105,0.0945973324431346,2012-09-04
340,2.456042590796796,2.838750753357442,0.4814774151282439,2012-09-05
341,2.4528213556751846,2.8350664719164578,-1.6490839197849452,2012-09-06
342,2.452473472870402,2.8343395143961367,-0.9178474763183244,2012-09-07
343,2.4531030940008467,2.834952682602315,0.6478510408386221,2012-09-10
344,2.4533292573713434,2.8352487115430187,0.075487864679534,2012-09-11
345,2.4536532510093405,2.835519856064445,-0.7127393531979123,2012-09-12
346,2.453115371079456,2.8349313386526678,-0.8181995425063745,2012-09-13
347,2.452116781016474,2.8335442664030697,-1.4342379351125103,2012-09-14
348,2.4511525775341747,2.8321266428476886,1.2737269525225596,2012-09-18
349,2.449969245696004,2.8309584587604313,-0.0188761192828831,2012-09-19
350,2.4506706030469414,2.8321418816235746,0.4720602453334125,2012-09-20
351,2.4497391487345093,2.8312261833007306,-0.2804576140776129,2012-09-21
352,2.4493937089899274,2.830764864868291,0.8542130605606977,2012-09-24
353,2.4490780595902906,2.8304472107292313,0.3989292116627505,2012-09-25
354,2.4461052262121075,2.827162121150483,1.55815218900177,2012-09-26
355,2.443204467884436,2.823997803996679,-1.2006552650937488,2012-09-27
356,2.4433313548780413,2.8240304615971037,0.8556378293682957,2012-09-28
357,2.4445224367672878,2.8254190294663433,-0.1103733303740886,2012-10-01
358,2.444783998894465,2.8256764137355868,0.0832454216000868,2012-10-02
359,2.444222952940998,2.8250495362947334,0.2464125232542832,2012-10-03
360,2.442320379588201,2.8230141441274266,-0.9616535326448764,2012-10-04
361,2.4434127392505447,2.824101423991582,-0.1337410549153536,2012-10-05
362,2.440977451419794,2.821234218428775,1.653594384241869,2012-10-09
363,2.43856752236221,2.818860315134902,0.8293303986573299,2012-10-10
364,2.437139612099642,2.817419461737572,-0.3098690727025952,2012-10-11
365,2.4372200945132994,2.8174098906412484,0.5968503654450704,2012-10-12
366,2.4380420266692813,2.8183536739578585,-0.4436233782035723,2012-10-15
367,2.4374442523475053,2.817508660255188,-1.2979173646330249,2012-10-16
368,2.43806994399125,2.818171704939984,-0.500943533257128,2012-10-17
369,2.4387169990416107,2.81881802257452,0.0453185517094725,2012-10-18
370,2.436571782670211,2.8163473707551656,1.5090742374457349,2012-10-19
371,2.435495062869541,2.8152796494269636,-0.1104481556196604,2012-10-22
372,2.433036335183393,2.812288603203545,1.3167698184653551,2012-10-23
373,2.4310542141144524,2.8103318808154807,0.2583693557180524,2012-10-24
374,2.430172675806626,2.8094318356972736,-0.4713045686579012,2012-10-25
375,2.430915985345776,2.810445704274488,0.2429984149227379,2012-10-26
376,2.4301677289959462,2.8097128427806406,0.1194682407665727,2012-10-31
377,2.4288331307580306,2.8081328524834155,-1.1635397498469269,2012-11-01
378,2.429568540106655,2.8089451815673367,0.6063390795339397,2012-11-02
379,2.429743120931379,2.8091586139390263,-0.1921391441890389,2012-11-05
380,2.429183405104753,2.8084933766359748,-0.7272174173054184,2012-11-06
381,2.4260797072974674,2.804756586770716,2.051560853392341,2012-11-07
382,2.422923935498423,2.801363768772469,1.091531614543164,2012-11-08
383,2.4218611265369727,2.800301527550154,-0.0932848230886333,2012-11-09
384,2.4225177208460003,2.800988400935499,0.3360953201638862,2012-11-12
385,2.422346917695899,2.800794403591539,0.317844353392956,2012-11-13
386,2.4212770071098757,2.799561363126791,0.8176414407257627,2012-11-14
387,2.421486137868307,2.80032662443177,0.2502495849249015,2012-11-15
388,2.4226378456724396,2.801571660738942,-0.5605463284259492,2012-11-16
389,2.418433152812572,2.796550897868411,-2.3099359487930635,2012-11-19
390,2.420867707750209,2.7989921753940896,0.0954200756105406,2012-11-20
391,2.42076402128734,2.7988749143366585,-0.5191817219624705,2012-11-21
392,2.420143215240747,2.7979060272758005,-1.7007333743835735,2012-11-26
393,2.4217561207900804,2.799515093481839,-0.0513024850842434,2012-11-27
394,2.4214047081482684,2.7992648183831443,-0.1148087600529683,2012-11-28
395,2.420188700576505,2.7979132459444753,-1.0368321961872105,2012-11-29
396,2.4217088365538904,2.7994614000238736,0.0132895420353,2012-11-30
397,2.4217724997265773,2.7997701438142246,-0.0090608749438832,2012-12-03
398,2.4215472215533493,2.7995647008819335,0.5847029455349237,2012-12-05
399,2.421231412776429,2.7992189984073956,-0.4131177275294602,2012-12-06
400,2.422949702729044,2.801044386527708,0.1709325827183975,2012-12-07
401,2.423538523997315,2.8016697857600166,-0.127904905947573,2012-12-10
402,2.423370024118739,2.801482193350592,-0.6062031724535923,2012-12-11
403,2.423451000681893,2.80158844832874,-0.1356698420204523,2012-12-12
404,2.4243149105216166,2.8024860140590877,0.2084600665394818,2012-12-13
405,2.4239656279633084,2.8022716250863646,0.1715081007261369,2012-12-14
406,2.423550500345829,2.801865765107843,-0.7947906203589868,2012-12-17
407,2.423617170719133,2.8018548439700344,-1.0453992379017392,2012-12-18
408,2.424170334444386,2.802343494080927,-0.6281300058477043,2012-12-19
409,2.424802599650683,2.802969953605537,0.2165498801160046,2012-12-20
410,2.423392153064429,2.801347269176813,0.9591089452070298,2012-12-21
411,2.421431194505103,2.799212502841365,-0.5914967204888707,2012-12-27
412,2.4224781215945295,2.8002482680433634,0.5286529370784308,2012-12-28
413,2.4123161562179107,2.788235534958388,-3.70709603469198,2013-01-04
414,2.4149974802745464,2.790899247897348,0.2498871984977489,2013-01-07
415,2.414235400242888,2.7900595516007307,0.4217368129668012,2013-01-08
416,2.4137649267974766,2.789576754490686,-0.415616973178194,2013-01-09
417,2.414272334373386,2.790042399654095,-0.565542011676641,2013-01-10
418,2.4153503479433924,2.7911442628595418,-0.2572030599870308,2013-01-11
419,2.415832922449651,2.791652465968169,0.171982339066136,2013-01-15
420,2.4151354634991162,2.79094104779165,0.4402105865710452,2013-01-16
421,2.4142246464003705,2.789978860454328,-0.5884471845207808,2013-01-17
422,2.4148584151978127,2.790929661827117,-0.8293663891988448,2013-01-18
423,2.4154859919672784,2.791682465808121,0.0830158506849241,2013-01-22
424,2.4147145013139975,2.7908344791678705,0.3640378725232971,2013-01-23
425,2.4142826349384228,2.790408681280742,-0.0053110290261905,2013-01-24
426,2.4138240343153536,2.7898373866579163,-1.0826217235002584,2013-01-25
427,2.414342164036058,2.7904767206181935,0.1102652675008184,2013-01-28
428,2.4134324248003356,2.789535230911826,-0.3226773536746065,2013-01-29
429,2.4134696884078326,2.7895414068228486,-0.6295854833019813,2013-01-30
430,2.413748460449975,2.789905733161832,0.185227445991509,2013-01-31
431,2.412944895628245,2.789017358905479,-0.8816767600741158,2013-02-01
432,2.4122825622467525,2.788114738585508,1.1052966353328055,2013-02-04
433,2.4108685377401025,2.7867567707985463,-0.1718021631430175,2013-02-05
434,2.4101398493900774,2.785976975524314,-0.6689544511833126,2013-02-06
435,2.413070433106234,2.789108190282902,0.5440753733532113,2013-02-07
436,2.413680835576836,2.7898375048708033,-0.1997468844775893,2013-02-08
437,2.4140184613269025,2.7904826375264835,-0.3961551442428604,2013-02-12
438,2.414200212431936,2.790729990659328,0.1198677466937161,2013-02-13
439,2.4141141045198893,2.790644260859515,-0.1115150177094323,2013-02-14
440,2.4133000911300284,2.789736117415638,0.6829413932974312,2013-02-15
441,2.412045520160152,2.788364490178102,-0.9830076425237536,2013-02-19
442,2.4116030000589093,2.7877246540758684,1.1327837630617923,2013-02-20
443,2.407814028415714,2.783322929301931,1.6857714984945869,2013-02-21
444,2.4063117631256854,2.7817816827050073,-0.9073391089945124,2013-02-22
445,2.406735567355519,2.782283852308329,0.2085268112003182,2013-02-25
446,2.4056046566829816,2.7811148448203764,0.7670711382189579,2013-02-26
447,2.4051280974385483,2.7806490943326505,-0.197301759487756,2013-02-27
448,2.4051854207838055,2.7806492566120244,-0.7655771989179595,2013-02-28
449,2.4059619474782634,2.7814300531225373,-0.0128581763477232,2013-03-01
450,2.4056682680445536,2.781136880979821,-0.1827949588653333,2013-03-04
451,2.4037848745271733,2.7789044171866366,-1.4645740951900066,2013-03-05
452,2.4064171107038415,2.7816219422434307,-0.4226288493658459,2013-03-06
453,2.406529045733681,2.7817618110566342,-0.4234726365357977,2013-03-07
454,2.4061782529475306,2.781160388896882,-1.244433179078468,2013-03-08
455,2.4080698494217727,2.7830857143324863,-0.2147067658286667,2013-03-11
456,2.407613326467973,2.782624178748036,0.1469389890298999,2013-03-12
457,2.4067772903942664,2.781880194071011,0.2466416970201511,2013-03-13
458,2.406950960994967,2.7820368075587285,-0.9519727429240056,2013-03-14
459,2.407942766753207,2.783028338105581,-0.1009605643826312,2013-03-15
460,2.40599921929433,2.7807598912707254,1.0464097661981042,2013-03-18
461,2.4044327839937796,2.779230030090926,-0.1177444964462055,2013-03-19
462,2.4041024713009755,2.778916823661393,-0.3192903127816938,2013-03-21
463,2.4045650950494086,2.7793623731868307,0.318877997436574,2013-03-22
464,2.4038288812786184,2.778676834376412,-0.1401501512530923,2013-03-25
465,2.4050896921607223,2.780003544830544,-0.3796392928859516,2013-03-26
466,2.4053950216620303,2.7803335496471218,-0.0054188628311958,2013-03-27
467,2.4050467729579394,2.78004338670081,0.2487011466703503,2013-03-28
468,2.404202226973646,2.7790525723247588,0.6773483346546758,2013-04-02
469,2.4040904455901533,2.778967875914795,0.4446857823809211,2013-04-03
470,2.403472113322854,2.778341868952599,-0.396138648527339,2013-04-04
471,2.4033790147318554,2.778342315211696,0.3782131338428471,2013-04-05
472,2.402853138666151,2.778059444546923,-1.069781644116358,2013-04-08
473,2.4032909225706134,2.778473684697896,-0.4267957251019307,2013-04-09
474,2.4021018420133307,2.7771374257408445,-1.5626386402471883,2013-04-10
475,2.4032139789447062,2.778194302124671,-0.6239784872136586,2013-04-11
476,2.402492097890637,2.777411130797593,0.6987634988470213,2013-04-12
477,2.3944186757419574,2.7680457475454707,2.501127966321631,2013-04-15
478,2.3918466424062723,2.765371456849915,-0.8666559312887514,2013-04-16
479,2.390850943609544,2.764020702911101,1.3438383512578087,2013-04-17
480,2.389066188997746,2.7622289104775732,0.6522943627775472,2013-04-18
481,2.387846668938579,2.7610099027531225,-0.8153772840703679,2013-04-19
482,2.3881119095332908,2.7611859838588018,-0.8554220752125615,2013-04-22
483,2.3885304771823717,2.761507281618139,-0.9883333919850832,2013-04-23
484,2.387801833591636,2.7605076578293484,-1.1229069760279822,2013-04-24
485,2.3881962339985208,2.7607618761266925,-0.8598531392890909,2013-04-25
486,2.388288011208959,2.7607321315772926,0.5666031080479387,2013-04-26
487,2.386985420456487,2.7592613371735504,-0.8429284557119612,2013-04-30
488,2.3877172802051843,2.7599988303370457,0.0199351517528226,2013-05-02
489,2.3833521917988447,2.7549638051593033,-2.0582423668150334,2013-05-07
490,2.384904804510112,2.7564366283058273,-0.6402384932743923,2013-05-08
491,2.3863996411002764,2.7579771870803795,0.1552765965567663,2013-05-09
492,2.3901540417797533,2.7621987296720665,-1.1561034923381066,2013-05-10
493,2.390794760390974,2.7628376394219885,-0.2076592446195321,2013-05-13
494,2.3903836868702713,2.762439362939185,-0.3921301076541208,2013-05-14
495,2.3899983213780223,2.7619824818434786,-0.8020996464369048,2013-05-15
496,2.390287634497118,2.7622776091751113,0.2719323524676934,2013-05-16
497,2.390843552379308,2.762853760024798,-0.9584781525863008,2013-05-17
498,2.3910469223438167,2.76298761679976,-0.6160552384618381,2013-05-20
499,2.3922377686057983,2.764206485930673,0.0024091834329384,2013-05-21
500,2.3920014312489055,2.764142714410569,0.1619228183377977,2013-05-22
501,2.385153685118597,2.7560696696565246,2.2389861796166253,2013-05-23
502,2.3826061121959135,2.753514094778597,-0.0757720561027105,2013-05-24
503,2.38205209496517,2.7529257370122235,-0.6107477509685824,2013-05-28
504,2.3815216283716594,2.7521891959147893,0.801730429261299,2013-05-29
505,2.379552727351277,2.7499901977949497,0.8531537590158008,2013-05-30
506,2.377101001642596,2.7473779111474386,0.7608449445585637,2013-05-31
507,2.376321637012555,2.7469061785085938,0.6493666170853697,2013-06-03
508,2.3756342031086133,2.7462575851172994,-0.2668544681775662,2013-06-04
509,2.3715942489406086,2.741242287379136,2.2246610252898757,2013-06-05
510,2.3688857623968067,2.7385883217739715,0.0381267357861948,2013-06-06
511,2.368456517568731,2.7381653084795827,-0.8816976265882408,2013-06-07
512,2.36946556977319,2.7391652088756833,-1.2125376955430758,2013-06-10
513,2.3680674450422985,2.7376062545496636,1.3004119441204771,2013-06-11
514,2.3656983805191705,2.735199986897747,0.7486474035093111,2013-06-12
515,2.3642300168226287,2.7336394197503657,0.8021062754345495,2013-06-13
516,2.3635347878087245,2.732944509506603,-0.3209141186330176,2013-06-14
517,2.361631935550927,2.730748889163587,-1.3545018399872797,2013-06-17
518,2.3626555952028943,2.731861220902475,-0.4469342002058372,2013-06-18
519,2.3623705075886265,2.731496090855789,0.0713465094813732,2013-06-19
520,2.3478120503258704,2.714228582787377,3.0502141399349423,2013-06-20
521,2.3441312822565017,2.7105440064220154,0.1682355449637764,2013-06-21
522,2.341447611546988,2.707296709377951,1.3730259733112369,2013-06-24
523,2.3395599199788975,2.705321489520423,-0.4803142625988442,2013-06-25
524,2.33978629487121,2.7054869209523824,-0.4910611641626098,2013-06-26
525,2.3385234260072076,2.703915072799247,-1.3913106369919386,2013-06-27
526,2.338922832570902,2.7042449701623323,-0.7515027543390539,2013-06-28
527,2.338766770061343,2.703935136326129,-1.1359915314960627,2013-07-01
528,2.3395283849344684,2.704828501953635,-0.5522039782484183,2013-07-02
529,2.339437859949044,2.7047277939347834,-0.151018801127316,2013-07-03
530,2.338232852267684,2.7034811163444052,-1.391402765744436,2013-07-05
531,2.339908496259743,2.7052088327636628,-0.1764785860038047,2013-07-08
532,2.3379085649094864,2.702957615586854,-1.279739132751308,2013-07-09
533,2.3390488255232813,2.7041216545248994,-0.3434129355264675,2013-07-10
534,2.335287451480728,2.69966982747584,-1.1722412445781445,2013-07-11
535,2.337138883465648,2.701699946288044,-0.5141155268429802,2013-07-12
536,2.336838987733043,2.7013962718630156,-0.0369025786001163,2013-07-16
537,2.3370625610682674,2.7015940817460624,-0.2949845795040445,2013-07-17
538,2.3372275398413445,2.701752485222816,-0.632294256152917,2013-07-18
539,2.3376844448109835,2.7021709961002847,0.6159979719596071,2013-07-19
540,2.3366956370869545,2.701178082618144,-0.3122632075596531,2013-07-22
541,2.3370422684425263,2.701519194828337,0.1685191363667388,2013-07-23
542,2.3368195586112885,2.7012901197475623,0.0617261215589232,2013-07-24
543,2.3368374797513485,2.7013236728653074,0.0707249246027175,2013-07-25
544,2.335141155084258,2.6993907744028585,0.9309895314576472,2013-07-26
545,2.33284472840603,2.6971510681771727,1.037979879619409,2013-07-29
546,2.3314617864776075,2.695750058691881,-0.5753562274932698,2013-07-30
547,2.3314473706689163,2.695791745795468,0.0021330208718813,2013-07-31
548,2.3285043329800037,2.6924649611383993,-1.524054971405702,2013-08-01
549,2.3294120847105413,2.693312234770826,-0.8373774587482528,2013-08-02
550,2.3294335657765437,2.6932730037465977,0.3663491829448924,2013-08-05
551,2.328309880749978,2.6922247756482753,0.4036628721148079,2013-08-06
552,2.3245411221996055,2.6878533061773244,1.4521533835081375,2013-08-07
553,2.3224800363572005,2.6857710619999406,-0.1031063418475634,2013-08-08
554,2.32346411062514,2.6867800024207398,-0.2841944282368884,2013-08-09
555,2.324330666707014,2.6876649238982453,-0.2681179010580091,2013-08-12
556,2.324556320454998,2.687772206025317,-0.9595127772172856,2013-08-13
557,2.3264087215040736,2.6896663480131204,-0.4512965553633667,2013-08-14
558,2.3264522104260146,2.689459991964143,1.4230102954467645,2013-08-15
559,2.3257840695780176,2.689238475725239,0.2851573832585032,2013-08-16
560,2.324922140959494,2.6883155935070615,0.090000176404096,2013-08-19
561,2.323418235034941,2.6868349847814237,0.6951558552831396,2013-08-20
562,2.321460023440451,2.6847488710615477,0.2695643609509947,2013-08-21
563,2.319837650877701,2.683015431418445,-0.7351279336271547,2013-08-22
564,2.3199694283871,2.682906960253929,-1.1912373674172745,2013-08-23
565,2.320857710448128,2.6838156831491538,-0.0088508499631787,2013-08-26
566,2.3189684117275293,2.6814689560031004,1.5926561569834383,2013-08-27
567,2.3172351740141344,2.6797187577031654,0.1656875150113791,2013-08-28
568,2.316840242801473,2.679287657936701,-0.5195184935704081,2013-08-29
569,2.317359444555861,2.6797565376038572,0.9180890118613444,2013-08-30
570,2.3138004886896857,2.675617807888084,-1.829313277476139,2013-09-03
571,2.3177899452105812,2.6798162619370576,-0.4981112592326064,2013-09-04
572,2.318095735519527,2.6802116345568674,-0.2050849079565575,2013-09-05
573,2.3184665596394414,2.680783542156889,0.1368307332085783,2013-09-06
574,2.316786791271415,2.678859110501435,-1.0015085359588871,2013-09-09
575,2.3176571975418025,2.6796049457816022,-0.9008754545546788,2013-09-10
576,2.318433225511711,2.6803773913313127,0.1025436749857549,2013-09-11
577,2.318689697966502,2.6806429746033347,-0.0379576302203427,2013-09-12
578,2.31820577585749,2.6801728733782118,-0.0439119558113188,2013-09-13
579,2.318533386556239,2.680784236913443,0.2240324496073692,2013-09-17
580,2.3143530048014185,2.6757517341300425,-1.4556256710524884,2013-09-18
581,2.3163997585806606,2.6777836948626126,-0.533137124205455,2013-09-19
582,2.3153252360467924,2.676505750601884,0.5019912574950292,2013-09-20
583,2.3137267420621304,2.6748665488733017,0.3928054142610682,2013-09-24
584,2.3126070624877806,2.6737250583008785,0.3226410588273853,2013-09-25
585,2.311587707395434,2.6726457410696436,-0.7344084097108966,2013-09-26
586,2.311646094197205,2.6725900325817626,0.4183889184625028,2013-09-27
587,2.31556559413188,2.6779823004179035,0.8179400390171505,2013-09-30
588,2.3136639818269864,2.676079942732368,-0.6760752842966349,2013-10-01
589,2.314011226455347,2.676460265741143,0.4396570370160692,2013-10-02
590,2.3135293735111655,2.675917274146802,0.6903997457274598,2013-10-03
591,2.3126104093437876,2.6749810921580934,-0.3592642469170324,2013-10-04
592,2.312019997247065,2.6743289031883117,0.7793522820394911,2013-10-07
593,2.3101832984009607,2.672300862996428,1.4358596211336112,2013-10-09
594,2.30451938180042,2.665858845269349,-2.1765592737214465,2013-10-10
595,2.306166127857326,2.6674360289305556,-0.7914915757085282,2013-10-11
596,2.3064916930827497,2.6678040731100623,-0.3785390776080758,2013-10-15
597,2.3058846719819153,2.667152735043013,-0.91902570737642,2013-10-16
598,2.306414011988916,2.667800393874178,-0.3222398705311273,2013-10-17
599,2.3063669597342096,2.6676912327917774,-0.9669174522471934,2013-10-18
600,2.30758370530311,2.6689423018796674,-0.4024030296638896,2013-10-21
601,2.3076427830675086,2.669143907000246,-0.2431341387442197,2013-10-22
602,2.3055434162847006,2.6664612554092306,1.266968362358164,2013-10-23
603,2.3066948164005194,2.6679355270482032,-0.4944696199785107,2013-10-24
604,2.3064965246441433,2.667672661306474,0.4978707604843198,2013-10-25
605,2.30541488653597,2.6665123800384856,-0.5708237839260365,2013-10-28
606,2.312467508752488,2.6744043165007247,-0.1095635487110062,2013-10-29
607,2.3250310340310483,2.688797964699677,-0.1086511155133754,2013-10-30
608,2.3256191530835317,2.6893474497926,0.6113388402734978,2013-10-31
609,2.325654426578696,2.689414356153983,0.5535091738600197,2013-11-01
610,2.3324869089675992,2.697244769514066,-0.0891847974803048,2013-11-05
611,2.332758571720698,2.697553846155799,-0.2838143483861802,2013-11-06
612,2.331311709903909,2.6960084130447726,1.3705244190767183,2013-11-07
613,2.330885879855118,2.6960926372474945,-0.7409091527524811,2013-11-08
614,2.3316316514991957,2.6972211101343593,-0.5224052451306308,2013-11-11
615,2.331684376882019,2.697313524306451,-0.2555357961010643,2013-11-12
616,2.331673159916058,2.697296827482001,-0.5088497271462992,2013-11-13
617,2.330312875090188,2.6956460817391545,-0.9594835238566528,2013-11-14
618,2.330746300215429,2.695910921473479,-0.6372781383167162,2013-11-15
619,2.332095368518432,2.697594618038818,0.5356150478098756,2013-11-18
620,2.331823498039274,2.697528919431437,0.4243501382743733,2013-11-19
621,2.3331113791301608,2.698974266200026,0.1333978874985067,2013-11-20
622,2.334681102566926,2.700699509789464,-1.3262905077813916,2013-11-21
623,2.337359404840235,2.703534517715166,-0.411622451210775,2013-11-22
624,2.339032205137994,2.7053159440424985,-0.4918245330360535,2013-11-25
625,2.3388135085057664,2.7051735294113097,0.1027780672082531,2013-11-26
626,2.338526202116579,2.7050768681776027,-0.3580082831188106,2013-11-27
627,2.338674626098468,2.7051623628862487,-0.5354902310384327,2013-11-29
628,2.3384235128713136,2.704810872627352,0.2609415776385643,2013-12-02
629,2.3382267230331046,2.7050084079508756,0.1497085392831182,2013-12-03
630,2.337097072608033,2.7038311684773038,0.6454170264955389,2013-12-04
631,2.336430530967324,2.7030625683268665,0.7543968840253895,2013-12-05
632,2.3345082551701397,2.7009039375257293,-0.862018661271603,2013-12-06
633,2.335399459664082,2.7017504384606372,-0.5795044074403827,2013-12-09
634,2.3357422955606046,2.7020835859399233,0.2092614125542502,2013-12-10
635,2.336944810355586,2.7033031617453434,1.0144780755095495,2013-12-11
636,2.3340633794614916,2.700237373328774,0.9338066422595316,2013-12-12
637,2.335526701955591,2.7019745437374154,0.0355964908484484,2013-12-13
638,2.343386743337429,2.7109107483075623,-0.3270425847405594,2013-12-16
639,2.3445667798396896,2.7126027100990027,0.2032832897855651,2013-12-17
640,2.3429943840021665,2.710764244136452,-1.3237269652783443,2013-12-18
641,2.3453375732645427,2.713193048911776,-0.6880951856903972,2013-12-19
642,2.3457174213350385,2.713886446743101,-1.1126421716431922,2013-12-20
643,2.346688852615903,2.7147737462973116,-1.0413572690580808,2013-12-24
644,2.3466434599364856,2.7145749987661354,-0.8465407430646454,2013-12-27
645,2.3481002048774515,2.7164029596969113,0.0618602793583312,2013-12-30
646,2.344704352264951,2.7121028084747083,1.6010642155615074,2014-01-06
647,2.3418626027789737,2.7093309132520003,-0.5005726259420717,2014-01-07
648,2.3436285807154262,2.7117410259865027,-0.4454223404227319,2014-01-08
649,2.3428037572397464,2.710720253804692,0.8109913905211796,2014-01-09
650,2.3410061662463995,2.708825711784537,-0.5511427383582868,2014-01-10
651,2.341450082441362,2.709172358236485,0.5234351228893075,2014-01-14
652,2.3398175191931934,2.707393873534392,-1.197333864738639,2014-01-15
653,2.340323203402894,2.7079729934877816,0.1614673677103279,2014-01-16
654,2.340022546366447,2.707928263878882,0.2053934314867229,2014-01-17
655,2.340399402914991,2.708348572651774,-0.2993892037366102,2014-01-21
656,2.34126263753188,2.7092423229981075,-0.4969289059430914,2014-01-22
657,2.3402924892842147,2.707936423984198,0.7264423730538988,2014-01-23
658,2.3334080013044467,2.6999148515887033,2.177476137648616,2014-01-24
659,2.3293144631075418,2.6954209002549026,1.536302049068134,2014-01-27
660,2.327930813626669,2.6942811582757122,-0.3394409785988588,2014-01-28
661,2.327892538741657,2.694248031718315,0.1049475355292573,2014-01-29
662,2.3283672124996437,2.69477247163003,-0.1867071354900049,2014-01-30
663,2.3277980785067256,2.694298743056707,0.6010146304149008,2014-01-31
664,2.3220299670647133,2.6875885460263116,2.012139457978817,2014-02-03
665,2.319454427098421,2.6850526040960756,0.469618341762637,2014-02-04
666,2.319136735888365,2.6849325035943608,-0.0812182354817862,2014-02-05
667,2.3178090062746453,2.6833724491816886,-0.9930725329473504,2014-02-06
668,2.3168804472734927,2.6821366124408295,-1.7438481170514968,2014-02-07
669,2.3193753491283906,2.6847241727666136,-0.5757673730773847,2014-02-10
670,2.3167689030864866,2.6817258731307763,-1.449416896782615,2014-02-12
671,2.3183601735483848,2.683309758365849,-0.1248341779407827,2014-02-13
672,2.3184725150478966,2.683435153653064,0.1376901051828696,2014-02-14
673,2.3167393757151657,2.6815007998901117,-1.7848166886218624,2014-02-18
674,2.317533666531745,2.6822330269811143,0.4810580486953905,2014-02-19
675,2.3170557398783687,2.681716208848524,0.3196927323696144,2014-02-20
676,2.3171730973248628,2.681821111450956,-0.6995809219804553,2014-02-21
677,2.3180739738362193,2.6827195548128615,-0.4857581330587388,2014-02-24
678,2.321553024469678,2.686564574798318,-0.1159159618693781,2014-02-25
679,2.3208647387573755,2.6858917995202765,0.2877040314827136,2014-02-26
680,2.3204978737217514,2.6855087454699276,-0.127729187712716,2014-02-27
681,2.3205210614961493,2.6856342340525527,0.1661598942615333,2014-02-28
682,2.317914260273694,2.6827176543210576,0.9868402025687616,2014-03-03
683,2.3143982665628755,2.678809595492269,-1.569216357044792,2014-03-04
684,2.3156206367855305,2.6801323890248607,-0.1465377877990503,2014-03-05
685,2.31509179708149,2.6794551601757775,-0.6442663075402422,2014-03-06
686,2.315843797444467,2.6801318762521698,0.308677974665364,2014-03-07
687,2.314008779275035,2.678145557715884,0.6694773596481962,2014-03-10
688,2.3128616098576096,2.676977732483179,0.0826279545997122,2014-03-11
689,2.3116597998146378,2.675619801988618,0.7151108965130493,2014-03-12
690,2.3090718895393922,2.6726446703078732,1.215134783134919,2014-03-13
691,2.308550096485509,2.6721108250978745,1.0921052004797451,2014-03-14
692,2.307936347972826,2.671505681977573,-0.3139147680904424,2014-03-17
693,2.3106330004896853,2.6743918617051263,-1.1356411033655978,2014-03-18
694,2.310832769393978,2.6745460024567698,0.2550969927780617,2014-03-19
695,2.3111350504315658,2.6749198187807073,0.2737351711431413,2014-03-20
696,2.3106621156760943,2.6745900651687484,0.7963250733538485,2014-03-24
697,2.316127695158085,2.680733257269807,-0.4775840896275334,2014-03-25
698,2.3164963277481028,2.6811152416592368,0.409511786882108,2014-03-26
699,2.316885689180173,2.6814912404804803,-0.3067613713930716,2014-03-27
700,2.3171791796475785,2.68175622601002,-0.3836561875767418,2014-03-28
701,2.3172077067896533,2.681886230181053,-0.8093078441688369,2014-03-31
702,2.320917823087605,2.6859362262751634,-0.5987061188927236,2014-04-01
703,2.3213065993178543,2.686318210317621,-0.3271535633274716,2014-04-02
704,2.3213368282995672,2.686356205899717,0.0726589828204879,2014-04-03
705,2.32102745577278,2.6862208322943135,1.0929884524058229,2014-04-04
706,2.319751157959559,2.6850729121305776,1.2778635469355135,2014-04-07
707,2.318533133358989,2.683854684726948,-0.2557247654786972,2014-04-08
708,2.3254548057867237,2.6916605039194947,-0.4493321968762633,2014-04-09
709,2.324291952400065,2.690509040719682,1.6394098593437862,2014-04-10
710,2.3202715359685566,2.6860898246395197,1.7745118887864857,2014-04-11
711,2.320134265905217,2.6860766442985065,-0.4135215542648798,2014-04-14
712,2.3197644933037314,2.685721988668247,-0.1288962942953566,2014-04-15
713,2.316839339373275,2.682457859398629,-1.6499877849438724,2014-04-16
714,2.3187659589608067,2.6843975081253704,-0.2122300517532163,2014-04-17
715,2.3187750606253017,2.6844646701978134,-0.7521148795713514,2014-04-22
716,2.3192248397938178,2.684924563090293,0.2260717618485855,2014-04-23
717,2.3187152922531302,2.6845292613379805,-0.1455898488487802,2014-04-24
718,2.3171895720308258,2.6829439631339262,1.2119659615419984,2014-04-25
719,2.3166379480710666,2.6824274922878253,0.2934916567119625,2014-04-28
720,2.31600062387936,2.681702268779091,-0.8864912164956927,2014-04-30
721,2.3175177956430764,2.683274573834255,-0.1699048438022059,2014-05-02
722,2.3161984362241,2.6817107918180567,1.4328370729801128,2014-05-07
723,2.3154525395374312,2.6809804377371758,-0.2264942250157791,2014-05-08
724,2.3158635774021863,2.6813973651813683,-0.1192987245320286,2014-05-09
725,2.314791303287053,2.680238940003735,-0.9621230789241584,2014-05-12
726,2.3153058907832076,2.6807006764957153,-0.4846187961684582,2014-05-13
727,2.3156309606872845,2.681135345685493,0.3653711088741808,2014-05-14
728,2.31471000178373,2.6799997298867515,0.917455878362848,2014-05-15
729,2.313947740225149,2.679251055917661,0.1115782903848434,2014-05-16
730,2.317418509615778,2.6831247530058584,-0.3379386883058848,2014-05-19
731,2.319838647135333,2.6857879892163714,0.2012548458462782,2014-05-20
732,2.3192890875051315,2.68538648871731,-0.5363900691040662,2014-05-21
733,2.325819534871112,2.692689724623011,-0.8918987400465166,2014-05-22
734,2.3262626968790947,2.693186385756712,-0.7081263852793911,2014-05-23
735,2.326353919505027,2.6932970927225366,-0.8023924519887636,2014-05-27
736,2.3263083711714225,2.6932629038165374,0.132855520519516,2014-05-28
737,2.325982015467916,2.692993828391649,-0.3846601997901893,2014-05-29
738,2.325430463354151,2.6924759003535157,0.3560707034620767,2014-05-30
739,2.3250063335670106,2.6920429124980547,-0.515435877063223,2014-06-02
740,2.3256600227786888,2.692951605938769,-0.0924926886419327,2014-06-03
741,2.325804208010149,2.693307928218484,-0.156764685395628,2014-06-04
742,2.3254188023672366,2.6928578672193884,-0.7436684469813445,2014-06-05
743,2.325637445430139,2.6931603450123536,-0.5284569915429423,2014-06-06
744,2.327484551992061,2.6951123052608628,-0.4816360402206018,2014-06-09
745,2.32775547501935,2.6953700744282045,0.242362732010872,2014-06-10
746,2.329693441934704,2.6975219043254497,0.103547427103983,2014-06-11
747,2.3318966847071163,2.6999800450001836,0.1883532139606589,2014-06-12
748,2.333038414908834,2.701238915680518,-0.3111762065478842,2014-06-13
749,2.3333978440874343,2.7015773766061444,0.1729030211841168,2014-06-16
750,2.3328257642018246,2.7009996174926187,-0.4037901699862353,2014-06-17
751,2.332392536493155,2.700600641143821,-0.6804455228846603,2014-06-18
752,2.3326526378570214,2.700822722743096,-0.7540159248222108,2014-06-19
753,2.33288155742717,2.7010913792059186,-0.1162673394378984,2014-06-20
754,2.3324697690434126,2.7006553615025575,0.197643295738322,2014-06-23
755,2.331792167891913,2.7000239589679667,0.1560114592353992,2014-06-24
756,2.3311693577752592,2.6994668970451063,0.04075374038121,2014-06-25
757,2.33043348359683,2.6988262577876556,0.1159854250858647,2014-06-26
758,2.3298370508460104,2.6982286571872947,0.1829480933691971,2014-06-27
759,2.329212197069575,2.697655503471215,-0.1846705111876385,2014-06-30
760,2.328655854604765,2.6969943270268346,-0.9026257607944994,2014-07-01
761,2.32921394972967,2.6975610309002,-0.0300216852030173,2014-07-02
762,2.3289876897017545,2.6973274116906274,-0.4488639123893924,2014-07-03
763,2.3284624243881327,2.6967774574961534,0.8600866903636138,2014-07-07
764,2.3273056743512925,2.6954634496705774,1.116599846519899,2014-07-08
765,2.3261972636283668,2.6943570850104392,-0.1608077793962671,2014-07-09
766,2.33085138582825,2.6995383668418227,0.7991156421049377,2014-07-10
767,2.3313637097688846,2.7001658529134227,0.0805897386005825,2014-07-11
768,2.331374062165735,2.700136740470258,-0.7742456447607666,2014-07-14
769,2.3415826520851564,2.711663828037973,0.5043119978162135,2014-07-15
770,2.3492079565278314,2.720390705888317,-0.4107636509702845,2014-07-16
771,2.349039636567873,2.720427367747475,0.909616702333012,2014-07-17
772,2.3492632470143135,2.720762149766343,-0.3372120002188185,2014-07-18
773,2.3513233835425056,2.7235906456481036,-0.7019823679087085,2014-07-22
774,2.35224278061166,2.7245123495600225,-0.2722845959882271,2014-07-23
775,2.3574939928064564,2.730406592438056,0.0364579197316182,2014-07-24
776,2.357235810147858,2.7301407187733266,0.1903001077161613,2014-07-25
777,2.3568031156374434,2.7297126815674675,0.0012580442793718,2014-07-28
778,2.3628376045983046,2.736508935620006,-0.1962040466702243,2014-07-29
779,2.36958892311158,2.7441537282810082,-0.1843435123395389,2014-07-30
780,2.3671067288735546,2.741341361789114,1.4427574274433022,2014-07-31
781,2.366990561244665,2.74129537115799,0.9101941898609264,2014-08-01
782,2.3682579942493964,2.7427559316047083,-0.2999714480165513,2014-08-04
783,2.3679592710303536,2.742578845448593,0.5744410422124167,2014-08-05
784,2.367373485461562,2.7423135720238307,0.1572807767175214,2014-08-06
785,2.3667931654456593,2.741895721050454,0.2570717891965688,2014-08-07
786,2.3655690115202375,2.740603658248717,0.7054201741780584,2014-08-08
787,2.363349502012725,2.738030582925341,-1.387270572679692,2014-08-11
788,2.3643897939795537,2.739059902481852,0.403589086845895,2014-08-12
789,2.3641819640074675,2.7391405953332817,-0.6381372197351778,2014-08-13
790,2.365307585152623,2.7403098150312983,-0.1102818410340941,2014-08-14
791,2.368422561477812,2.743774906736364,-0.2037131491021173,2014-08-15
792,2.3709691658280474,2.7465771073132657,-0.5644865129456563,2014-08-18
793,2.3723957108360425,2.748044431002105,-0.6774562952837717,2014-08-19
794,2.372903254887705,2.7485522652197267,-0.0613132769940163,2014-08-20
795,2.372591675349319,2.7483478638354724,-0.4813364596090477,2014-08-21
796,2.3728179775673643,2.7485549342675704,0.1299636058316254,2014-08-22
797,2.374370069617275,2.750257513854078,-0.659528973835364,2014-08-25
798,2.3831099411934877,2.760093072091456,-0.2228766272108253,2014-08-26
799,2.383469837985277,2.7607059022185623,-0.0605212755295105,2014-08-27
800,2.3830716748122613,2.760254278434944,0.3006500423366413,2014-08-28
801,2.382287502185281,2.759485599556389,-0.2945623587054476,2014-08-29
802,2.3830452781970197,2.760672982983154,-0.3360388372647216,2014-09-02
803,2.3829505856373254,2.760545328023673,-0.0450227094134898,2014-09-03
804,2.3832353277565406,2.760829464207182,0.0397799957784488,2014-09-04
805,2.384774938493007,2.763063956508302,-0.1388251023617843,2014-09-05
806,2.3912013346349235,2.770294267920563,-0.0024109808063866,2014-09-08
807,2.3965191308456513,2.776311907313488,0.7062591811558793,2014-09-09
808,2.3963281072909197,2.776162948586243,-0.2908259800918278,2014-09-10
809,2.399622689379107,2.779834459001489,-0.0618903410700844,2014-09-11
810,2.398743159882224,2.7789436320572523,0.4185929144046579,2014-09-12
811,2.398832333512723,2.7794712560360035,-0.0121787717462579,2014-09-16
812,2.3986364399816718,2.7792775054927255,0.0159048601216731,2014-09-17
813,2.4034651595628147,2.7847480173463968,-0.6298939812720429,2014-09-18
814,2.406597535133718,2.7881665705731074,-0.3849149286581372,2014-09-19
815,2.4080530872485246,2.789609291114726,1.1792847734681495,2014-09-22
816,2.4083492597591314,2.790049083762471,-0.3077777254739239,2014-09-24
817,2.4117596009270983,2.793742055354088,0.9579528895006066,2014-09-25
818,2.414206563345611,2.796592419881218,-0.3140710602091235,2014-09-26
819,2.413918147710944,2.7962988573131087,-0.1785718129359937,2014-09-29
820,2.41291632069198,2.795258375870006,0.6282209344981635,2014-09-30
821,2.4106666860159898,2.792963344086444,1.2842555660176669,2014-10-01
822,2.4076850716444222,2.789916176099628,1.299443017557225,2014-10-02
823,2.40602397961145,2.7883653057544127,-0.6483373541464557,2014-10-03
824,2.4067478184277658,2.789429249295676,-0.4329158094131676,2014-10-06
825,2.4058798502968877,2.7882379982832304,1.400525950938347,2014-10-07
826,2.4044941773991693,2.7868470402531362,-0.3619830256511388,2014-10-08
827,2.4021786002079564,2.7841216734487717,1.5472912447052758,2014-10-09
828,2.3963529443502063,2.777550098747231,1.9816726004381,2014-10-10
829,2.3929156308090462,2.773893776179265,1.7012354408115018,2014-10-14
830,2.3903607518545043,2.7713404239906017,1.0965860880095848,2014-10-15
831,2.3911232305395576,2.7722804545858,0.5121434008237028,2014-10-16
832,2.389344938168291,2.770370266879051,-0.9384833829757636,2014-10-17
833,2.3891025397803585,2.770025574711403,-1.314778347602949,2014-10-20
834,2.38947904732542,2.7705375626353868,-1.5438759184802149,2014-10-21
835,2.39312340235933,2.7744656096675526,-0.0566099005066797,2014-10-22
836,2.392611566196029,2.7739137633528586,-1.0488718952174796,2014-10-23
837,2.3934243116448024,2.7750274118955414,-0.3879720253431004,2014-10-24
838,2.39348602950513,2.7751952657860968,-0.042120791498443,2014-10-27
839,2.391392994467514,2.772769046307099,-1.368448759608743,2014-10-28
840,2.3922295618217637,2.7736206320983077,-0.4760767598221557,2014-10-29
841,2.3923872919458957,2.773845295370341,-0.2969649131180944,2014-10-30
842,2.389108211063095,2.7698334990926736,-2.3454040667044898,2014-10-31
843,2.3932923257449277,2.774207201018333,0.4399530156804833,2014-11-04
844,2.393695361771364,2.774686162431195,-0.5681712032712698,2014-11-05
845,2.3944991518613503,2.775874959163004,-0.1467288169625906,2014-11-06
846,2.3938787155350303,2.775281517565062,-0.0710026403687695,2014-11-07
847,2.394014238198782,2.77541572742382,-0.0277996102658382,2014-11-10
848,2.3933357844929275,2.7747302202448916,-0.7415339613157683,2014-11-11
849,2.3936512499236966,2.7751323775736862,0.0187788170303794,2014-11-12
850,2.3930552280932638,2.7745569609494423,0.1580437825672855,2014-11-13
851,2.3923645747557183,2.7737977870695536,-0.527247865316463,2014-11-14
852,2.3913674802159024,2.772599987246189,0.9085980449144188,2014-11-17
853,2.3894117332979437,2.770526459620464,-0.9348307072936016,2014-11-18
854,2.390106977924369,2.7711899633609405,0.4604579033771596,2014-11-19
855,2.38974363065307,2.770821822052262,-0.4435756983230647,2014-11-20
856,2.3887323570267984,2.769461476976452,-0.8600717604535262,2014-11-21
857,2.3899018084929766,2.770586556121253,-0.1965227943591661,2014-11-25
858,2.3890496778386074,2.7697460237919582,-0.2533305562781999,2014-11-26
859,2.3869144173376164,2.7671888892642618,0.88472064105877,2014-11-28
860,2.386623672200522,2.7669894332138756,0.1159127923498465,2014-12-01
861,2.388519019891581,2.7691012499160546,-0.1668679079485358,2014-12-02
862,2.3904953012745365,2.7712757799457375,-0.1316706979530474,2014-12-03
863,2.390895464391498,2.772009353025134,0.1849174513983043,2014-12-04
864,2.390434037374988,2.7716610995139406,-0.5327676913365459,2014-12-05
865,2.388897752020037,2.7698200740669554,1.0575108597171738,2014-12-08
866,2.387160073747497,2.767988325878573,0.2451691768703728,2014-12-09
867,2.382772987406418,2.7631063527717066,1.9244477441885075,2014-12-10
868,2.3801820210550355,2.7605191224687897,0.1965313341917668,2014-12-11
869,2.3773027560990805,2.7572255225257116,1.261308259013883,2014-12-12
870,2.371251331177432,2.7503041663387253,1.939945052778298,2014-12-15
871,2.3723314693264026,2.751722228352491,0.7902599171510577,2014-12-16
872,2.3723050017866636,2.751664793950048,-1.2759681758657289,2014-12-17
873,2.3689194070931974,2.747657918548108,-2.4201070371177487,2014-12-18
874,2.370530499336914,2.7490547550094115,-1.255777916870678,2014-12-19
875,2.3721556249411164,2.7506955901055155,0.0816554905367733,2014-12-22
876,2.372122038383461,2.750815052483589,-0.3785632042548437,2014-12-24
877,2.3730286336167348,2.752165760621334,0.0181862843996694,2014-12-29
878,2.3718185155352027,2.750792025138748,1.0399959786358548,2014-12-30
879,2.3614410512341673,2.7387553394177133,2.838469333635945,2015-01-05
880,2.355404305728545,2.7321814307696672,1.7928829991876725,2015-01-06
881,2.3528932190096237,2.7296184629101874,-0.6413104674944855,2015-01-07
882,2.349657663585194,2.7256259344786695,-2.152750462802997,2015-01-08
883,2.351436763579996,2.7273019670178233,0.7847461271014237,2015-01-09
884,2.3499675718730386,2.7257935806228875,0.7737777013380074,2015-01-13
885,2.34921969774817,2.7249441587816525,0.7178258627459186,2015-01-14
886,2.3481084310416214,2.7238855644616504,0.2046906032241083,2015-01-15
887,2.347068252619728,2.722656940343778,-1.261269745927449,2015-01-16
888,2.347449893955698,2.722982372335379,-0.9025711539530388,2015-01-20
889,2.3475111128962314,2.7229450068023917,-0.3452884841279648,2015-01-21
890,2.346748716738192,2.721895913927622,-1.3030315392239729,2015-01-22
891,2.3476952517081204,2.722915201749969,-0.5573829533523008,2015-01-23
892,2.349009190720471,2.7243112919310133,-0.2432586862636923,2015-01-26
893,2.3488735774842713,2.7241430319460855,0.6470019465793978,2015-01-27
894,2.347584735140941,2.7226492155372104,0.9118054997491962,2015-01-28
895,2.356511723603203,2.7329755881703717,-0.1096310771001642,2015-01-29
896,2.3565246404587734,2.7329689586888377,-0.060428024822702,2015-01-30
897,2.358389634605353,2.7350365327102955,-0.6418969341817168,2015-02-02
898,2.3573566008243176,2.7336957438961864,-1.1985071469710546,2015-02-03
899,2.3661439414858125,2.7434799047272547,0.2314074605005587,2015-02-04
900,2.3656764184555112,2.743212734045122,-0.6223249979395287,2015-02-05
901,2.3657775535601058,2.7434069641027943,-0.0183465004248941,2015-02-06
902,2.3651366359394568,2.7427919949506236,0.0653241328483698,2015-02-09
903,2.3664262617147305,2.7441974702106853,-0.4039035820229866,2015-02-10
904,2.3647328052354837,2.742077294954649,-1.7339960011063345,2015-02-12
905,2.365481960966023,2.7427839843276884,-0.7935918686307316,2015-02-13
906,2.3744503655827973,2.752859931354142,-0.0864484485190483,2015-02-17
907,2.3740950463120853,2.752551053483248,-0.2711290341664298,2015-02-18
908,2.3739816337463044,2.7524764697170916,-0.320257954228599,2015-02-19
909,2.3754188690510767,2.7540274758202585,-0.310012737479888,2015-02-20
910,2.3755709134004923,2.7541809407346096,-0.3467136628257191,2015-02-23
911,2.379097170950107,2.758082435389122,-0.513247757367756,2015-02-24
912,2.380531909331654,2.7595567337570683,-0.2642709844618354,2015-02-25
913,2.3804644325725595,2.7596196556456256,-0.471574665212239,2015-02-26
914,2.380723881065265,2.7598754066719025,-0.1198644004854295,2015-02-27
915,2.380603683396242,2.759823115024972,-0.2212314550961973,2015-03-02
916,2.380229201366705,2.759612003404529,0.4469875279836017,2015-03-03
917,2.379164100623106,2.7586270554379557,0.3215294819983079,2015-03-04
918,2.378288490035467,2.7578367332103557,-0.396886759460242,2015-03-05
919,2.379506970489313,2.7590895007627614,0.5342977448082865,2015-03-06
920,2.3783208740179282,2.7578711799711852,0.2452117513063751,2015-03-09
921,2.3749452027880853,2.753879258606752,1.5988835711836502,2015-03-10
922,2.3727130510106806,2.75155426089967,-0.5579652702874565,2015-03-11
923,2.3737060866867643,2.752874879429635,-0.66839279034047,2015-03-12
924,2.373621156142889,2.7528190573002695,0.3426621656416013,2015-03-13
925,2.37282588414968,2.75224565995107,-0.8283045733651888,2015-03-16
926,2.3740692482928973,2.753513324325902,0.0370596235408405,2015-03-17
927,2.371559510306257,2.7504814734744856,-1.38887559509903,2015-03-18
928,2.3735149557008826,2.752348587425214,0.4480652397811164,2015-03-19
929,2.371209705628389,2.7498541826215956,-0.9376874897619664,2015-03-20
930,2.3718862127577256,2.7505789380733856,-0.3003354560340797,2015-03-23
931,2.3722478056068033,2.7509273962951513,0.3650806712697259,2015-03-24
932,2.3706886492374646,2.749382924166454,1.4273775769996546,2015-03-25
933,2.3692685803569153,2.7478851349186986,0.4540664512313237,2015-03-26
934,2.3678882256862903,2.7464490751410473,0.4897692441089691,2015-03-27
935,2.3654050490739245,2.743588384163213,-1.3211978784186185,2015-03-30
936,2.3665033938471516,2.7444953369773106,1.296150275601306,2015-03-31
937,2.365124314620769,2.7430908655051636,-0.0454554652235994,2015-04-01
938,2.3649275979927697,2.742952193453109,-0.417731373824749,2015-04-02
939,2.3628952860436434,2.7404267512714044,-1.6455393722615297,2015-04-07
940,2.3643045131366347,2.7418522395990053,0.1773526878338555,2015-04-08
941,2.3647007818473154,2.742211709837054,-0.6624959518805773,2015-04-09
942,2.3657694042813926,2.743266481391319,-0.6912751472370343,2015-04-10
943,2.3669013971906785,2.7444238780601773,0.1273093293427413,2015-04-13
944,2.366353009506617,2.743897161627553,0.1342150579793244,2015-04-14
945,2.3655265623948973,2.742965523296086,-0.8632871682282645,2015-04-15
946,2.366107530834404,2.743669663793433,-0.0986608879731992,2015-04-16
947,2.363172786797091,2.74018289668168,1.576447240634564,2015-04-17
948,2.3625088000152985,2.7395892213977655,-0.7835772251121681,2015-04-20
949,2.3624302689004866,2.7394863740473188,-0.510662947252073,2015-04-21
950,2.3625054157993595,2.739460416756554,-0.6657940469615442,2015-04-22
951,2.363329320024052,2.7402573840386477,-0.4428923360293724,2015-04-23
952,2.3659810341407708,2.7431285147507456,-0.1789680824675465,2015-04-24
953,2.3691148989650768,2.7466051420396407,0.1049687640579266,2015-04-27
954,2.37439785004201,2.7525329638757268,0.2895548488947203,2015-04-28
955,2.3809771190094082,2.7598461589766936,2.137548967047848,2015-04-30
956,2.376562075060416,2.755083541229218,0.9534768107882065,2015-05-07
957,2.3733522579093167,2.75150551701242,-1.4585954323723476,2015-05-08
958,2.3755063831550887,2.7541000119729633,-0.1961992617099171,2015-05-11
959,2.3760929812560247,2.7547226263293014,0.1049138223668423,2015-05-12
960,2.375654289866987,2.7543263576602963,-0.1381918858322199,2015-05-13
961,2.3814930834337784,2.7608808952681114,-0.7970052133553311,2015-05-14
962,2.382636092790795,2.7620413416107317,-0.1772143198943641,2015-05-15
963,2.3830166582072208,2.762647681085431,-0.3829954360134028,2015-05-18
964,2.382912137162443,2.7627377842976557,-0.0129860944573177,2015-05-19
965,2.3829088881081955,2.7627269181917784,-0.3040389052158225,2015-05-20
966,2.3828402286358377,2.762745307185162,-0.5031811215735065,2015-05-21
967,2.384150180248586,2.7641312821849224,0.2267076223999383,2015-05-22
968,2.3856709225104624,2.765710635196012,1.1109549784605488,2015-05-26
969,2.384273262414955,2.7642902400103324,-0.7915584448547923,2015-05-27
970,2.384286854331543,2.7643471277806237,-0.0718102310656164,2015-05-28
971,2.383425450217001,2.7634666255890528,0.3834814291945739,2015-05-29
972,2.382750516244473,2.762957855153621,-0.0015204576340877,2015-06-01
973,2.382333295070554,2.762552087553678,0.0963461601594195,2015-06-02
974,2.383109265047522,2.7633653242216263,0.1249378435814662,2015-06-03
975,2.3825295905144204,2.7630604075518703,0.7335259261666566,2015-06-04
976,2.382024579307436,2.7629323662264125,0.1370484770806679,2015-06-05
977,2.3811581157480917,2.7620302309724174,0.6798719316834295,2015-06-08
978,2.3802835250208823,2.761154124351712,0.1486870905589054,2015-06-09
979,2.378879269139723,2.759574420468912,-1.01185272564144,2015-06-10
980,2.3856903595429637,2.76712520775769,-0.4261771355274107,2015-06-11
981,2.3855704245648406,2.7671975262471658,0.9057144699377384,2015-06-12
982,2.38517178344094,2.7672147171710786,0.607280395405197,2015-06-15
983,2.384121892129123,2.766283427912504,-0.2810180441226018,2015-06-16
984,2.3840304934756724,2.766199675130526,0.0801424565369584,2015-06-17
985,2.383710068613838,2.765878283341498,-0.4583201152512312,2015-06-18
986,2.3845627909685403,2.766757002316437,0.029055826562827,2015-06-19
987,2.3816042892494234,2.763398828161382,-1.5073770498642414,2015-06-22
988,2.381593995644743,2.763143955598668,-1.0612592475753102,2015-06-23
989,2.3821911151531783,2.763773374745286,0.5624722326462611,2015-06-24
990,2.38105740900303,2.7626646893377877,0.2047331648675604,2015-06-25
991,2.3801981254439024,2.7618110149320794,0.1752194953906055,2015-06-26
992,2.371467978681003,2.7514102277733885,2.915522457305012,2015-06-29
993,2.367846223432637,2.74764684333054,-0.7330230997021194,2015-06-30
994,2.3693121261267494,2.7491320761457563,-0.6095610263811793,2015-07-01
995,2.369902190758765,2.749998735138367,0.1534936425508685,2015-07-02
996,2.3634613785146352,2.742648402447831,2.004088606856385,2015-07-06
997,2.3602559763135513,2.7393176590466424,0.3351871568493745,2015-07-07
998,2.354474500899708,2.732652726819695,1.6530803872188016,2015-07-08
999,2.350131318061668,2.7278955411913697,-1.1616262155894603,2015-07-09
1000,2.3499148781441033,2.727268381298309,-1.3874929184561609,2015-07-10
1001,2.3496404649275777,2.726690801368771,-1.5806610944713568,2015-07-13
1002,2.3511710616179022,2.728187000425692,-0.8052132285916876,2015-07-14
1003,2.352057202253079,2.7290608398354603,0.0923652650378568,2015-07-15
1004,2.350885652812631,2.7279102593531146,-0.8687282327809478,2015-07-16
1005,2.3518681784367232,2.7288985048895484,-0.3487069263571076,2015-07-17
1006,2.3521024447574383,2.729118853481009,0.1741994152542823,2015-07-21
1007,2.349906923729278,2.7265464754166113,1.1454386353282486,2015-07-22
1008,2.3484010493383822,2.724989207039658,0.343210702995965,2015-07-23
1009,2.345671191479657,2.721884333207226,1.2533893348651115,2015-07-24
1010,2.340342083455217,2.715984606165888,1.637356146713946,2015-07-27
1011,2.3375507315886637,2.7130822191486645,-0.884370156803306,2015-07-28
1012,2.337974883590725,2.7134667748078733,-0.4428432674203854,2015-07-29
1013,2.3410587276927664,2.716818565165006,-0.6364099609605433,2015-07-30
1014,2.3420032462102425,2.7178080641748794,0.2765763858306209,2015-07-31
1015,2.3422454403898776,2.718001346319413,0.3275147783069144,2015-08-03
1016,2.341298880439067,2.717175352660517,0.0108143610721229,2015-08-04
1017,2.3410304865806886,2.7169189950441015,-0.5216124223222706,2015-08-05
1018,2.3407519855965715,2.716740662393773,0.884948782775516,2015-08-06
1019,2.3399555184399206,2.7159138763562276,0.388024033423648,2015-08-07
1020,2.3374939842021285,2.713072628656189,-1.3804685882559509,2015-08-10
1021,2.3358560859129582,2.7109049502910074,1.3658072043141205,2015-08-11
1022,2.330858706445747,2.7054452815362207,1.263245561609988,2015-08-12
1023,2.3289734067307055,2.7037220074398243,0.0001032704566334,2015-08-13
1024,2.32850593715214,2.7032431928449956,0.2769799381711098,2015-08-14
1025,2.3278761905774816,2.7026275517256106,-0.4711217371232949,2015-08-17
1026,2.327506449415042,2.7022112790351156,0.286080249857762,2015-08-18
1027,2.323589110033129,2.6976725364096366,1.59751068485528,2015-08-19
1028,2.317929609204824,2.6913129059803547,2.1198650803921555,2015-08-20
1029,2.3015389182686983,2.6720748557390315,3.81183475567018,2015-08-21
1030,2.2686729200370777,2.6336323276297544,5.001204700534134,2015-08-24
1031,2.2630886957279084,2.628143615271884,0.0973432496261529,2015-08-25
1032,2.2610019185901784,2.6254646550860956,-2.303923785051959,2015-08-26
1033,2.2497512983062995,2.6117058035279563,-3.2440050394023205,2015-08-27
1034,2.2516382386259597,2.61335362046826,-1.7121556342829691,2015-08-28
1035,2.2534480404038004,2.6151990305701975,0.3161030333836353,2015-08-31
1036,2.2341124924653033,2.5923303756350413,3.909484255826301,2015-09-01
1037,2.2287351454483693,2.586763488483228,-1.3415092942087374,2015-09-02
1038,2.2287906574782195,2.586749296741288,-0.7379015246173213,2015-09-03
1039,2.2229467590219896,2.579542031518145,2.027525184048864,2015-09-04
1040,2.2180720843990183,2.574316716321038,-1.4060484298505014,2015-09-08
1041,2.2175304686034973,2.5735088175758327,-1.29118831563444,2015-09-09
1042,2.2211577774606566,2.577361966289463,0.4536012404928011,2015-09-10
1043,2.220499460126603,2.5766862092225833,0.1578005974690818,2015-09-11
1044,2.220778307000652,2.5768979048276073,1.0348760224009377,2015-09-14
1045,2.2196065134799428,2.5756258225518263,-0.9809999486695784,2015-09-15
1046,2.2299705547848587,2.5872511045602247,-1.2723211721591718,2015-09-16
1047,2.2314082105742545,2.5887900848271252,-0.1883038600457051,2015-09-17
1048,2.2253007986269955,2.5815571650820646,2.1449028419307066,2015-09-18
1049,2.21455510982679,2.5689618555379794,2.594320400606902,2015-09-24
1050,2.2133353434799723,2.567891242233268,-0.8652446882605667,2015-09-25
1051,2.2065133263928787,2.559571026642242,2.8218960368839525,2015-09-28
1052,2.2044314051160185,2.5579684889976724,1.156554036181581,2015-09-29
1053,2.196829672011704,2.549327914286537,-2.5339695223879946,2015-09-30
1054,2.1994762898949975,2.5521991955450787,-0.247447107117672,2015-10-01
1055,2.1991273113510674,2.5515859937975893,-1.2599171542561831,2015-10-02
1056,2.194513681563977,2.5458277603102464,-2.347151938226009,2015-10-05
1057,2.198667615142132,2.5507094560265764,-0.6080096633910831,2015-10-06
1058,2.198977948039166,2.5508813649079967,-0.5775511341425354,2015-10-07
1059,2.1999679321071963,2.551864318022206,-0.1475852896834173,2015-10-08
1060,2.200945047772969,2.552860236747364,-0.6958457693405179,2015-10-09
1061,2.197729330371208,2.5490997695705797,1.3805420919990778,2015-10-13
1062,2.197053826520253,2.5484964563386656,0.7798919318757885,2015-10-14
1063,2.1954065890838046,2.546457656029657,-1.66913304991164,2015-10-15
1064,2.241125060850468,2.599493501865307,-0.6842884027798352,2015-10-16
1065,2.241221654812882,2.599458314997381,0.4062088404195185,2015-10-19
1066,2.2582744872777347,2.619246329585384,0.2149051823800863,2015-10-20
1067,2.2663188504912832,2.6284138110234507,0.0216621002220768,2015-10-21
1068,2.2687473932107314,2.631856952573533,-1.1985932927674812,2015-10-22
1069,2.2690569951796573,2.6318715101544674,-1.8958464274691929,2015-10-23
1070,2.271317638303379,2.634608712810461,-0.0002453932783319,2015-10-26
1071,2.2740043439228073,2.637577580726465,0.6322852372846205,2015-10-27
1072,2.288174502055077,2.653997349303723,-1.4937262074853224,2015-10-28
1073,2.3774025077833296,2.75854536543222,0.333322693885445,2015-10-29
1074,2.383495492599536,2.7665310501649802,-0.1861017410421227,2015-10-30
1075,2.39886237084383,2.7841388829383034,-0.1979712440727375,2015-11-02
1076,2.504385796510856,2.9080114685302885,-0.7154429006791345,2015-11-04
1077,2.5092475542540016,2.9142034363190548,0.2166178504889999,2015-11-05
1078,2.603501142197639,3.0247851883132935,-0.4013523800626621,2015-11-06
1079,2.6087820062521576,3.031733401755557,0.4941823288651604,2015-11-09
1080,2.6441077041911534,3.072909818540868,0.1284218166810392,2015-11-10
1081,2.645832565350501,3.07543300489411,0.1789501286173351,2015-11-11
1082,2.645341347190465,3.0747042212983176,1.4665243201102205,2015-11-12
1083,2.6912400152691363,3.131314385675934,1.4385876642708173,2015-11-13
1084,2.698108237665661,3.1405326577728423,-0.473824651131614,2015-11-16
1085,2.6988761861817445,3.1416155800271954,-0.6047144567762518,2015-11-17
1086,2.7065588791583637,3.150212046289537,-0.9854337767350656,2015-11-18
1087,2.7073272137247897,3.151264410045682,-0.4114601704860314,2015-11-19
1088,2.708043273324481,3.151970445972018,-0.2758141329222928,2015-11-20
1089,2.731457498825017,3.1789314391722105,-0.2348603153502253,2015-11-24
1090,2.7323798126066605,3.180361395101726,-0.3607405462469053,2015-11-25
1091,2.732881159017624,3.180841191542874,0.0091964139650725,2015-11-27
1092,2.749364842817959,3.2016456307256913,0.6653046056971311,2015-11-30
1093,2.748203035782568,3.2006136669100784,-0.9605534296771384,2015-12-01
1094,2.7481815848318063,3.2006964497709394,0.95606430819056,2015-12-02
1095,2.7453783251802633,3.1976807421215043,1.4726783293908918,2015-12-03
1096,2.746062812826764,3.19918347575645,-0.2864957762308691,2015-12-04
1097,2.752385420156682,3.206276908853685,0.7877836061749742,2015-12-07
1098,2.749966520591519,3.2036798741270127,0.8105797457922613,2015-12-08
1099,2.7500900171296196,3.204486295117474,1.015469494302934,2015-12-09
1100,2.7503834053261222,3.2048340895351664,0.3753487280159561,2015-12-10
1101,2.76477991964343,3.2213512102010076,1.6265102954935575,2015-12-11
1102,2.76432996183897,3.2216035059892607,0.9249418891148332,2015-12-14
1103,2.7628490550819222,3.2200444212132333,-0.7242402948941519,2015-12-15
1104,2.7629824314732914,3.2199447589907266,-1.3039625655250795,2015-12-16
1105,2.7643561038245883,3.2215845617554133,0.24952051097393,2015-12-17
1106,2.7627914769386597,3.2197963967278866,1.4348709358697362,2015-12-18
1107,2.762768453233551,3.2204023902321577,0.0730331392161247,2015-12-21
1108,2.7625866649500357,3.2202279654570747,-0.3110325087883143,2015-12-22
1109,2.7629495110941464,3.221043981000192,-1.558516143726138,2015-12-24
1110,2.764061736980129,3.22207116247475,0.5279074476131961,2015-12-28
1111,2.763512392515293,3.221394725964456,-1.628290333441987,2015-12-29
1112,2.766473404086361,3.2244533467907157,0.6888140807558941,2015-12-30
1113,2.7570893683034425,3.2133727558754135,3.24595552266093,2016-01-04
1114,2.7535019961430396,3.209792211355591,0.2830096497923834,2016-01-05
1115,2.7561936741218873,3.213691166895438,1.5818963580775574,2016-01-06
1116,2.747982513072006,3.204251315327103,2.684034522471678,2016-01-07
1117,2.7447355594272147,3.2012965768055324,1.2990062276455316,2016-01-08
1118,2.7445817678946716,3.2011720397832697,0.7267574259460275,2016-01-12
1119,2.7445476873304,3.2011809831599174,1.033460024940565,2016-01-13
1120,2.745742886528829,3.203137640467181,-0.0885620898212546,2016-01-14
1121,2.7380065600725247,3.1939411163575118,2.6337293720013664,2016-01-15
1122,2.7346745234945047,3.190718101331056,0.230064567088974,2016-01-19
1123,2.729252524289596,3.1843870454255123,1.9129849443517464,2016-01-20
1124,2.7267688508944112,3.182184801997617,-0.4079080678609247,2016-01-21
1125,2.7121877245487958,3.1650215607144268,-4.329285330489264,2016-01-22
1126,2.715893435446278,3.168941698654841,1.1893008317503302,2016-01-25
1127,2.7146523606932393,3.167648220248657,-0.6788910133058972,2016-01-26
1128,2.7175716773270864,3.1714675012488582,-0.0335297715227844,2016-01-27
1129,2.717630244378851,3.171519847885054,-0.2724163658649119,2016-01-28
1130,2.7116130364875253,3.164209918766312,-2.7861426497882986,2016-01-29
1131,2.7141141532676865,3.166718742948951,0.0116187303939206,2016-02-01
1132,2.734693622883734,3.1903489413886517,2.249236968031413,2016-02-02
1133,2.7318470344822217,3.1876290723615743,0.5691873670244081,2016-02-03
1134,2.7333635526739006,3.1892557629236595,0.0950927646590475,2016-02-04
1135,2.7338866116108473,3.190419409534642,2.357685894563437,2016-02-05
1136,2.7297894957997695,3.185958066130877,1.56579434099507,2016-02-08
1137,2.7206563077153847,3.1753501473871,2.67431758588257,2016-02-09
1138,2.7172077104476373,3.1719336558537705,0.2386141821769753,2016-02-10
1139,2.7163759314039413,3.171126577008856,0.08438509135719,2016-02-12
1140,2.7070264916465456,3.160228563509356,-3.4192169642493737,2016-02-16
1141,2.7141707502043926,3.1676812943732284,-1.997954004776053,2016-02-17
1142,2.715718696291204,3.1692538326036828,0.1463119647511705,2016-02-18
1143,2.717001303516067,3.1706072471088906,0.501713268518068,2016-02-19
1144,2.7126669035351707,3.1656350432902802,-1.8657216535216503,2016-02-22
1145,2.711954666254699,3.164550096655319,1.4796817892170475,2016-02-23
1146,2.709842572429205,3.1624902108885475,-0.0603407635723103,2016-02-24
1147,2.708626800595361,3.161321754474796,-1.2450804271587088,2016-02-25
1148,2.7130831520364795,3.1669711992228926,-0.5574219072688698,2016-02-26
1149,2.7146921321894637,3.1686869469980277,0.0250672226133699,2016-02-29
1150,2.7109208776202527,3.164315930113046,-2.107871782265109,2016-03-01
1151,2.711745099839146,3.164824205874212,-1.277507994076266,2016-03-02
1152,2.7129279427098925,3.165960306064054,-0.3568287182121157,2016-03-03
1153,2.7122429586765193,3.165025020543541,-0.8939651468953038,2016-03-04
1154,2.7136317923341933,3.166415887756967,-0.0919583211157123,2016-03-07
1155,2.711644341560496,3.1642558961789087,1.340752243210552,2016-03-08
1156,2.711963825828952,3.1647205658484063,-0.591892056657681,2016-03-09
1157,2.7123529291920403,3.165110292987621,0.1668584197003495,2016-03-10
1158,2.7095441346615585,3.1620102081428354,-1.813986405360429,2016-03-11
1159,2.7110149717623004,3.163544126932897,-0.3571603747406646,2016-03-14
1160,2.710801844668111,3.1631863478163837,0.7260251193204779,2016-03-15
1161,2.7096706427569988,3.1619503781246934,-0.6979840164372533,2016-03-16
1162,2.7111241231004874,3.1633785801921963,-0.3458126899494404,2016-03-17
1163,2.7115864004039016,3.163873713340208,0.0790207810920593,2016-03-18
1164,2.7135760470826575,3.1660309673040885,-0.9132206053692362,2016-03-22
1165,2.7135710735412557,3.1657812195403014,1.1379293614872164,2016-03-23
1166,2.712789304621398,3.165478048287328,0.5967896544088883,2016-03-24
1167,2.7106156072287653,3.1632183985165483,-1.256010999999563,2016-03-29
1168,2.7115120290195764,3.1641990464358156,-0.1242058403103062,2016-03-30
1169,2.711233096041876,3.163860990048277,0.5590997385349801,2016-03-31
1170,2.7107757467353206,3.1632200277739546,1.1861794221901985,2016-04-01
1171,2.7087663770265924,3.161110987115566,0.5527927644622184,2016-04-04
1172,2.70558543589143,3.1577859343453527,1.573106406446576,2016-04-05
1173,2.7026342581802663,3.1546945627044103,-1.157496846216346,2016-04-06
1174,2.7033025277140363,3.155208275541926,0.8952298489479572,2016-04-07
1175,2.7003459233497837,3.152056166128418,-1.0470977418254583,2016-04-08
1176,2.70163498658216,3.153322311128008,-0.0315950131674951,2016-04-11
1177,2.700760893589096,3.1521212047177976,-1.3875493352857364,2016-04-12
1178,2.6989726019604836,3.149608797274482,-2.208060872628648,2016-04-13
1179,2.701017302497603,3.151620291234102,-0.6397729539520329,2016-04-14
1180,2.7011637039439322,3.1519090745072793,0.2931842462659629,2016-04-15
1181,2.700210558893717,3.1510366724196057,0.5110226876024644,2016-04-18
1182,2.6962080222270464,3.1465315786251224,-1.5607356071617056,2016-04-19
1183,2.699059468621392,3.149428500082925,-0.5918277276549054,2016-04-20
1184,2.699404199387895,3.1497721036651867,-0.3921788884981452,2016-04-21
1185,2.7000762849835014,3.1504639089896833,0.3185356921155075,2016-04-22
1186,2.69907341470386,3.1495107546862124,0.5834511986325348,2016-04-25
1187,2.6979335892408725,3.148364372478714,-0.1632597444785215,2016-04-26
1188,2.7048762381395894,3.156126778973531,0.084132646917865,2016-04-27
1189,2.7061755018927425,3.1574089285526767,1.255893721815624,2016-04-28
1190,2.7082130367849038,3.159699858186654,1.273754181574901,2016-05-02
1191,2.7012076655630044,3.151938836563601,1.9255931672218307,2016-05-06
1192,2.7000540506811928,3.15087888484678,0.2214659772007822,2016-05-09
1193,2.6953027333661272,3.145438718059739,-2.047883349323216,2016-05-10
1194,2.6972949480621446,3.147605481279788,0.0024993352395609,2016-05-11
1195,2.697051710621612,3.147430779096045,0.3346258678347226,2016-05-12
1196,2.6959399235434516,3.146213353948028,0.4465684628856627,2016-05-13
1197,2.695256569481937,3.1454494506263795,-0.9781904920286082,2016-05-16
1198,2.6966898102454953,3.1469057075143003,0.2431999648414863,2016-05-17
1199,2.70403028033632,3.1552038769897104,-0.1686379809738823,2016-05-18
1200,2.703724300530744,3.1548091380012933,0.7077351485169937,2016-05-19
1201,2.70160074886291,3.1525734960514384,-1.192368440223957,2016-05-20
1202,2.7032943218028573,3.1547240899304474,0.4068520168188423,2016-05-23
1203,2.7026949612649207,3.1540088784223825,-1.2853897301671724,2016-05-24
1204,2.7017612359428274,3.152789000921986,-1.340360289018067,2016-05-25
1205,2.704472215721881,3.1555937385188715,-0.1747468742531403,2016-05-26
1206,2.7060332386277928,3.1578028531369102,-0.61572794916448,2016-05-27
1207,2.7066447528936046,3.1584079014131925,-0.4120946261908771,2016-05-31
1208,2.706627112914034,3.158476117908819,0.1741866841089666,2016-06-01
1209,2.706168432285484,3.1581804101396065,0.2966307018312091,2016-06-02
1210,2.7055819888553154,3.1576962388322922,0.134891780632214,2016-06-03
1211,2.705324244460799,3.1574651681159347,-0.529493697823828,2016-06-06
1212,2.705421938870108,3.1574581901857877,-0.6032180119505444,2016-06-07
1213,2.7059907441328317,3.1579403528334318,-0.7024421007645816,2016-06-08
1214,2.707517393127964,3.1594464995432885,0.6811176904460274,2016-06-09
1215,2.7032005452739676,3.1544896354972716,1.636640800733823,2016-06-10
1216,2.698404832844419,3.149093555172242,1.7876770884764983,2016-06-13
1217,2.695117599388989,3.14564187793587,1.0012865081587263,2016-06-14
1218,2.6945695834928647,3.1451198987162474,0.1021585546533048,2016-06-15
1219,2.693449624407543,3.143712422337746,1.1548411958747022,2016-06-16
1220,2.6914493489338964,3.141606368119131,-0.5835837045221821,2016-06-17
1221,2.691535510357382,3.1412583218712027,-2.06667265811785,2016-06-20
1222,2.6932889904230795,3.1429958579314174,-0.4093133817680601,2016-06-21
1223,2.7032766658454404,3.1542552892755586,0.3716127372126581,2016-06-22
1224,2.6996411518034775,3.1500644995424016,-1.741824593992601,2016-06-23
1225,2.6669127371946457,3.110409429457719,5.975534984863229,2016-06-24
1226,2.6596631575346485,3.1033793209440494,1.405613006241706,2016-06-27
1227,2.665091671102411,3.1108748819921233,-1.8356682317850852,2016-06-28
1228,2.662807979213419,3.1081327050405188,-2.437159350927929,2016-06-29
1229,2.6646660193576057,3.1099208215696725,-0.8618933300213458,2016-06-30
1230,2.665047948671813,3.1105266048350977,-0.8506454565500474,2016-07-01
1231,2.662765237880985,3.1075899510623275,1.623171674363247,2016-07-05
1232,2.660424881584122,3.1054549480105473,0.4716516127478367,2016-07-06
1233,2.6597301319823257,3.1047078773293277,0.4544142479502857,2016-07-07
1234,2.6574925539426806,3.102210447965255,-1.2279144433204157,2016-07-08
1235,2.656880097722628,3.101506370524219,-1.6133848886705628,2016-07-11
1236,2.6557272574965523,3.099831047000977,-1.6909152353219934,2016-07-12
1237,2.6582273808080723,3.1023599824082773,0.3350038048290789,2016-07-13
1238,2.657110556756719,3.1010855548965868,-0.8262118333598187,2016-07-14
1239,2.6578819514693963,3.1018689491561386,-0.0160420930715275,2016-07-15
1240,2.659722934724665,3.1045075612950894,-0.1544884867456184,2016-07-19
1241,2.659450964748883,3.104227902110364,-0.5366167825277516,2016-07-20
1242,2.6595656688280735,3.1044810791577766,0.1187378475923569,2016-07-21
1243,2.6619908449309735,3.107163106734684,-0.0059490523559106,2016-07-22
1244,2.661733964245706,3.1071021084518358,0.3437659533691574,2016-07-25
1245,2.6609610660636296,3.106324734023724,0.277504040638671,2016-07-26
1246,2.660442119476451,3.105812171283213,-0.4120016527575014,2016-07-27
1247,2.660115097584841,3.105497839391091,0.4952768814184384,2016-07-28
1248,2.6593032353218526,3.104635135463495,-0.5280206802848184,2016-07-29
1249,2.659469676201255,3.10474266966797,0.4025253615629793,2016-08-01
1250,2.6578947172556333,3.1029344729568598,1.2139494598321854,2016-08-02
1251,2.656348013601182,3.101459123697155,-0.2484649470550697,2016-08-03
1252,2.656916526802156,3.1019970553385723,-0.6631389959423623,2016-08-04
1253,2.6573233315424627,3.102306578608866,-0.834932266992573,2016-08-05
1254,2.6572616758876397,3.102250778379964,-0.7194728669901712,2016-08-08
1255,2.6575988746265304,3.1026029298122855,-0.4785572948110255,2016-08-09
1256,2.6575762780736705,3.1026293733249104,0.643876155320332,2016-08-10
1257,2.6556429685987912,3.100437962317936,-1.2372105910928892,2016-08-12
1258,2.65939144300985,3.1044032801611747,-0.6335067231623953,2016-08-15
1259,2.6600303382117185,3.1049742451135556,0.7103611123518361,2016-08-16
1260,2.659030709451504,3.1040662923885107,-0.1222590269446915,2016-08-17
1261,2.6585825934446663,3.103609360252661,-0.2638526190534018,2016-08-18
1262,2.658628036463328,3.1036488508809477,0.1786035369417782,2016-08-19
1263,2.657851758669285,3.102994563831424,0.159341833275255,2016-08-22
1264,2.6570115328869583,3.1021726707910937,-0.3443287766401053,2016-08-23
1265,2.6573834807963497,3.102538875658599,0.5568765136378262,2016-08-24
1266,2.657422075478072,3.102944526467055,0.1428777228021083,2016-08-25
1267,2.6573593057996345,3.1028562328461162,0.149188552855738,2016-08-26
1268,2.656696961888964,3.1024049158512628,-0.5502491134345766,2016-08-29
1269,2.6585756488237497,3.104912253458831,0.1466326655218854,2016-08-30
1270,2.6580599187368357,3.104318013791909,0.4130937313176054,2016-08-31
1271,2.6570902726963603,3.103369731605031,0.1191003791594409,2016-09-01
1272,2.655624265400064,3.101842865703737,-1.0267362710178434,2016-09-02
1273,2.658953989292849,3.105323008708522,-0.5124098108653928,2016-09-06
1274,2.6595896469508427,3.106096826738641,-0.3100017987880803,2016-09-07
1275,2.659648425063111,3.106359540348054,0.0747107964540873,2016-09-08
1276,2.6548316144905075,3.100732440430467,2.0117248539108497,2016-09-09
1277,2.6540064456155164,3.100024023202649,-0.1100659124259427,2016-09-12
1278,2.651624100536829,3.0973543601996933,1.0677994026610111,2016-09-13
1279,2.650554299282341,3.0962902701663086,0.2769860645428874,2016-09-14
1280,2.654262543234451,3.100438795592514,-0.6581932386149058,2016-09-15
1281,2.655048459815827,3.1012165262657763,0.0785342569138548,2016-09-16
1282,2.6601695324554315,3.1069830247001375,-0.2981842745025763,2016-09-20
1283,2.6606270904570595,3.1079276153347237,-1.4701141291537785,2016-09-21
1284,2.6626071953142914,3.1101936690332046,-0.2492144832616603,2016-09-23
1285,2.661150976531515,3.1085755865648146,0.9649859103717086,2016-09-26
1286,2.6596639688771146,3.107054250657671,-0.4227320925807231,2016-09-27
1287,2.6595776444525074,3.1070128230087986,-0.5091241620653152,2016-09-28
1288,2.6602471668170287,3.1079450604610974,-0.0989899897315364,2016-09-29
1289,2.6597789340592515,3.107516307135931,-0.1620859408715282,2016-09-30
1290,2.6595356920781055,3.107228533871142,-0.3687976322631067,2016-10-03
1291,2.660345793058241,3.108371431299522,-0.3230540999532402,2016-10-04
1292,2.660423482652851,3.108741178774595,-0.3941331286097385,2016-10-05
1293,2.6616274764850925,3.10997952331102,-0.0082273072820767,2016-10-06
1294,2.6631008505149336,3.111544752594122,0.5268306344066779,2016-10-07
1295,2.6622965336989406,3.110740812661793,-0.0054975993165336,2016-10-11
1296,2.66354986828085,3.112079299636934,0.5638809836534395,2016-10-12
1297,2.6626964082635083,3.111160051168797,0.4863040769835989,2016-10-13
1298,2.6645581262863263,3.1132589205466203,-0.4387475627734835,2016-10-14
1299,2.671466507152787,3.120982152027463,0.1820046555584102,2016-10-17
1300,2.672408881359933,3.1225829800321305,-0.8446735816481751,2016-10-18
1301,2.6747440012799455,3.1250095003077827,-0.3197111155855522,2016-10-19
1302,2.675804254940987,3.126105635568145,-0.1474227974286087,2016-10-20
1303,2.6792201235211195,3.129882533373738,-0.2407284159202934,2016-10-21
1304,2.678897121346029,3.1296595825550395,-0.7102474937988265,2016-10-24
1305,2.682140042873978,3.1331760723672994,0.203822077592861,2016-10-25
1306,2.6828403387307898,3.134424020074886,0.6334747957221973,2016-10-26
1307,2.68179491326936,3.1333579151951367,0.2696552812558764,2016-10-27
1308,2.682866259485099,3.135116640759297,0.2769365054728832,2016-10-28
1309,2.6831565909423727,3.135420882965408,0.5285131662618823,2016-10-31
1310,2.6823030440397413,3.1345478028278926,0.3654373095222571,2016-11-01
1311,2.6792773330601065,3.131087673883966,1.5420906511229022,2016-11-02
1312,2.6758367008640316,3.1273069738943096,1.3561476234170065,2016-11-04
1313,2.6758778484508943,3.1272218751087264,-2.122982290899655,2016-11-07
1314,2.677844762909613,3.129238791289593,-0.3257471924379331,2016-11-08
1315,2.676225791976714,3.1271998960983822,0.4396375623630769,2016-11-09
1316,2.6787845573077727,3.1302341095460733,-0.8311639400204178,2016-11-10
1317,2.67932435822399,3.130684207635811,0.4221676560143748,2016-11-11
1318,2.678434793086214,3.1297989685746117,-0.2680063565094422,2016-11-14
1319,2.678870792724038,3.1307432679750398,-1.3041552936218943,2016-11-15
