Date,EUR3MTD156N
01/03/2011,1.04938
02/03/2011,1.0475
03/03/2011,1.04813
04/03/2011,1.11813
07/03/2011,1.12438
08/03/2011,1.12938
09/03/2011,1.12938
10/03/2011,1.12813
11/03/2011,1.12563
14/03/2011,1.12625
15/03/2011,1.12
16/03/2011,1.12
17/03/2011,1.12125
18/03/2011,1.1225
21/03/2011,1.12688
22/03/2011,1.13625
23/03/2011,1.14063
24/03/2011,1.14375
25/03/2011,1.1525
28/03/2011,1.16
29/03/2011,1.1675
30/03/2011,1.175
31/03/2011,1.18
01/04/2011,1.19
04/04/2011,1.20313
05/04/2011,1.2075
06/04/2011,1.21938
07/04/2011,1.22875
08/04/2011,1.24313
11/04/2011,1.255
12/04/2011,1.2625
13/04/2011,1.27313
14/04/2011,1.27688
15/04/2011,1.28125
18/04/2011,1.28688
19/04/2011,1.29125
20/04/2011,1.30313
21/04/2011,1.3175
22/04/2011,.
25/04/2011,.
26/04/2011,1.32125
27/04/2011,1.32813
28/04/2011,1.33875
29/04/2011,1.345
02/05/2011,1.35125
03/05/2011,1.35625
04/05/2011,1.36625
05/05/2011,1.37938
06/05/2011,1.37063
09/05/2011,1.3775
10/05/2011,1.38063
11/05/2011,1.37688
12/05/2011,1.37313
13/05/2011,1.37438
16/05/2011,1.3775
17/05/2011,1.37813
18/05/2011,1.37875
19/05/2011,1.38438
20/05/2011,1.38625
23/05/2011,1.38375
24/05/2011,1.38313
25/05/2011,1.38438
26/05/2011,1.38125
27/05/2011,1.37938
30/05/2011,1.38
31/05/2011,1.38188
01/06/2011,1.38188
02/06/2011,1.38313
03/06/2011,1.38313
06/06/2011,1.38313
07/06/2011,1.39
08/06/2011,1.40063
09/06/2011,1.40688
10/06/2011,1.41313
13/06/2011,1.41813
14/06/2011,1.42188
15/06/2011,1.42875
16/06/2011,1.4375
17/06/2011,1.45
20/06/2011,1.45938
21/06/2011,1.46563
22/06/2011,1.46813
23/06/2011,1.46938
24/06/2011,1.47188
27/06/2011,1.4675
28/06/2011,1.4725
29/06/2011,1.47938
30/06/2011,1.49063
01/07/2011,1.49813
04/07/2011,1.50625
05/07/2011,1.51438
06/07/2011,1.51688
07/07/2011,1.52625
08/07/2011,1.5325
11/07/2011,1.54563
12/07/2011,1.54375
13/07/2011,1.54938
14/07/2011,1.55125
15/07/2011,1.5525
18/07/2011,1.55375
19/07/2011,1.55375
20/07/2011,1.54813
21/07/2011,1.55063
22/07/2011,1.55563
25/07/2011,1.55813
26/07/2011,1.56
27/07/2011,1.55938
28/07/2011,1.55688
29/07/2011,1.55688
01/08/2011,1.5575
02/08/2011,1.55563
03/08/2011,1.55438
04/08/2011,1.55313
05/08/2011,1.52188
08/08/2011,1.51813
09/08/2011,1.51188
10/08/2011,1.50188
11/08/2011,1.48938
12/08/2011,1.48875
15/08/2011,1.48938
16/08/2011,1.4875
17/08/2011,1.485
18/08/2011,1.48375
19/08/2011,1.47813
22/08/2011,1.47813
23/08/2011,1.48
24/08/2011,1.48
25/08/2011,1.48
26/08/2011,1.48125
29/08/2011,1.4825
30/08/2011,1.4825
31/08/2011,1.48375
01/09/2011,1.48375
02/09/2011,1.4825
05/09/2011,1.47813
06/09/2011,1.475
07/09/2011,1.47813
08/09/2011,1.47938
09/09/2011,1.4775
12/09/2011,1.47938
13/09/2011,1.47813
14/09/2011,1.47875
15/09/2011,1.47938
16/09/2011,1.48375
19/09/2011,1.48375
20/09/2011,1.48563
21/09/2011,1.48688
22/09/2011,1.48688
23/09/2011,1.48625
26/09/2011,1.48625
27/09/2011,1.48625
28/09/2011,1.49
29/09/2011,1.49438
30/09/2011,1.495
03/10/2011,1.4975
04/10/2011,1.4975
05/10/2011,1.4975
06/10/2011,1.49563
07/10/2011,1.50375
10/10/2011,1.50438
11/10/2011,1.50438
12/10/2011,1.50438
13/10/2011,1.50438
14/10/2011,1.505
17/10/2011,1.5075
18/10/2011,1.5075
19/10/2011,1.5125
20/10/2011,1.51438
21/10/2011,1.51813
24/10/2011,1.51938
25/10/2011,1.52063
26/10/2011,1.52063
27/10/2011,1.52375
28/10/2011,1.52688
31/10/2011,1.52688
01/11/2011,1.52563
02/11/2011,1.52188
03/11/2011,1.51938
04/11/2011,1.44125
07/11/2011,1.43188
08/11/2011,1.42875
09/11/2011,1.42625
10/11/2011,1.4175
11/11/2011,1.4175
14/11/2011,1.41438
15/11/2011,1.41063
16/11/2011,1.40813
17/11/2011,1.41
18/11/2011,1.415
21/11/2011,1.41438
22/11/2011,1.41313
23/11/2011,1.41438
24/11/2011,1.41438
25/11/2011,1.41625
28/11/2011,1.4175
29/11/2011,1.41438
30/11/2011,1.40688
01/12/2011,1.40063
02/12/2011,1.40188
05/12/2011,1.4
06/12/2011,1.40071
07/12/2011,1.39857
08/12/2011,1.39786
09/12/2011,1.365
12/12/2011,1.35929
13/12/2011,1.35643
14/12/2011,1.34929
15/12/2011,1.34929
16/12/2011,1.34929
19/12/2011,1.34786
20/12/2011,1.34786
21/12/2011,1.34571
22/12/2011,1.33929
23/12/2011,1.33429
26/12/2011,.
27/12/2011,1.33286
28/12/2011,1.32429
29/12/2011,1.30429
30/12/2011,1.29214
02/01/2012,1.28357
03/01/2012,1.26857
04/01/2012,1.25714
05/01/2012,1.24071
06/01/2012,1.22857
09/01/2012,1.21729
10/01/2012,1.20929
11/01/2012,1.19929
12/01/2012,1.18286
13/01/2012,1.17029
16/01/2012,1.15786
17/01/2012,1.15071
18/01/2012,1.14314
19/01/2012,1.13614
20/01/2012,1.12571
23/01/2012,1.11214
24/01/2012,1.09886
25/01/2012,1.08829
26/01/2012,1.07686
27/01/2012,1.07057
30/01/2012,1.06514
31/01/2012,1.05929
01/02/2012,1.04943
02/02/2012,1.03971
03/02/2012,1.03171
06/02/2012,1.02214
07/02/2012,1.01786
08/02/2012,1.01086
09/02/2012,0.99943
10/02/2012,0.99157
13/02/2012,0.98614
14/02/2012,0.98286
15/02/2012,0.97821
16/02/2012,0.96821
17/02/2012,0.96536
20/02/2012,0.9575
21/02/2012,0.95179
22/02/2012,0.9445
23/02/2012,0.93421
24/02/2012,0.92464
27/02/2012,0.9155
28/02/2012,0.90793
29/02/2012,0.89586
01/03/2012,0.87893
02/03/2012,0.86114
05/03/2012,0.85143
06/03/2012,0.83843
07/03/2012,0.824
08/03/2012,0.81429
09/03/2012,0.80329
12/03/2012,0.79329
13/03/2012,0.784
14/03/2012,0.77314
15/03/2012,0.76286
16/03/2012,0.75286
19/03/2012,0.74286
20/03/2012,0.73214
21/03/2012,0.72357
22/03/2012,0.71829
23/03/2012,0.70986
26/03/2012,0.70129
27/03/2012,0.69514
28/03/2012,0.69157
29/03/2012,0.68814
30/03/2012,0.68086
02/04/2012,0.67529
03/04/2012,0.6745
04/04/2012,0.6725
05/04/2012,0.67107
06/04/2012,.
09/04/2012,.
10/04/2012,0.66857
11/04/2012,0.665
12/04/2012,0.66214
13/04/2012,0.65843
16/04/2012,0.65679
17/04/2012,0.65714
18/04/2012,0.65429
19/04/2012,0.65214
20/04/2012,0.65036
23/04/2012,0.65143
24/04/2012,0.65071
25/04/2012,0.64786
26/04/2012,0.64643
27/04/2012,0.64214
30/04/2012,0.63686
01/05/2012,0.63686
02/05/2012,0.62929
03/05/2012,0.62286
04/05/2012,0.62071
07/05/2012,0.61821
08/05/2012,0.6175
09/05/2012,0.61643
10/05/2012,0.61607
11/05/2012,0.61607
14/05/2012,0.61607
15/05/2012,0.61607
16/05/2012,0.61264
17/05/2012,0.6125
18/05/2012,0.61071
21/05/2012,0.61
22/05/2012,0.61
23/05/2012,0.61
24/05/2012,0.60436
25/05/2012,0.60164
28/05/2012,0.59893
29/05/2012,0.59893
30/05/2012,0.5965
31/05/2012,0.59464
01/06/2012,0.5905
04/06/2012,0.58714
05/06/2012,0.58657
06/06/2012,0.58471
07/06/2012,0.5835
08/06/2012,0.57807
11/06/2012,0.57743
12/06/2012,0.57671
13/06/2012,0.57671
14/06/2012,0.575
15/06/2012,0.572
18/06/2012,0.56714
19/06/2012,0.56557
20/06/2012,0.56686
21/06/2012,0.56479
22/06/2012,0.55907
25/06/2012,0.55679
26/06/2012,0.55621
27/06/2012,0.55629
28/06/2012,0.555
29/06/2012,0.55571
02/07/2012,0.55536
03/07/2012,0.55264
04/07/2012,0.54893
05/07/2012,0.54679
06/07/2012,0.44507
09/07/2012,0.4275
10/07/2012,0.41393
11/07/2012,0.39964
12/07/2012,0.38464
13/07/2012,0.36964
16/07/2012,0.3625
17/07/2012,0.35464
18/07/2012,0.34464
19/07/2012,0.33607
20/07/2012,0.32679
23/07/2012,0.31893
24/07/2012,0.31393
25/07/2012,0.30393
26/07/2012,0.29464
27/07/2012,0.28536
30/07/2012,0.27036
31/07/2012,0.26179
01/08/2012,0.25536
02/08/2012,0.24821
03/08/2012,0.24679
06/08/2012,0.24179
07/08/2012,0.23821
08/08/2012,0.23679
09/08/2012,0.23107
10/08/2012,0.22393
13/08/2012,0.21821
14/08/2012,0.21464
15/08/2012,0.20893
16/08/2012,0.20779
17/08/2012,0.1985
20/08/2012,0.19536
21/08/2012,0.19036
22/08/2012,0.18321
23/08/2012,0.18143
24/08/2012,0.17714
27/08/2012,0.17643
28/08/2012,0.17429
29/08/2012,0.17286
30/08/2012,0.17071
31/08/2012,0.16786
03/09/2012,0.16857
04/09/2012,0.16786
05/09/2012,0.16643
06/09/2012,0.165
07/09/2012,0.16429
10/09/2012,0.16
11/09/2012,0.15857
12/09/2012,0.15857
13/09/2012,0.15857
14/09/2012,0.16
17/09/2012,0.16
18/09/2012,0.15857
19/09/2012,0.15714
20/09/2012,0.15286
21/09/2012,0.15286
24/09/2012,0.15286
25/09/2012,0.15286
26/09/2012,0.15286
27/09/2012,0.15429
28/09/2012,0.15429
01/10/2012,0.15286
02/10/2012,0.14857
03/10/2012,0.14643
04/10/2012,0.14643
05/10/2012,0.14571
08/10/2012,0.14571
09/10/2012,0.14357
10/10/2012,0.14357
11/10/2012,0.14071
12/10/2012,0.14071
15/10/2012,0.13786
16/10/2012,0.13643
17/10/2012,0.13571
18/10/2012,0.13571
19/10/2012,0.13571
22/10/2012,0.13571
23/10/2012,0.13429
24/10/2012,0.13429
25/10/2012,0.13429
26/10/2012,0.13286
29/10/2012,0.13286
30/10/2012,0.13286
31/10/2012,0.13286
01/11/2012,0.13214
02/11/2012,0.13071
05/11/2012,0.13071
06/11/2012,0.13071
07/11/2012,0.13071
08/11/2012,0.12857
09/11/2012,0.12857
12/11/2012,0.12857
13/11/2012,0.12857
14/11/2012,0.12714
15/11/2012,0.12571
16/11/2012,0.12643
19/11/2012,0.125
20/11/2012,0.125
21/11/2012,0.125
22/11/2012,0.125
23/11/2012,0.125
26/11/2012,0.12571
27/11/2012,0.12571
28/11/2012,0.12571
29/11/2012,0.12643
30/11/2012,0.12643
03/12/2012,0.12714
04/12/2012,0.12714
05/12/2012,0.12714
06/12/2012,0.12714
07/12/2012,0.12357
10/12/2012,0.12071
11/12/2012,0.12071
12/12/2012,0.12286
13/12/2012,0.12214
14/12/2012,0.12286
17/12/2012,0.12286
18/12/2012,0.12214
19/12/2012,0.12214
20/12/2012,0.12214
21/12/2012,0.12357
24/12/2012,0.12571
25/12/2012,.
26/12/2012,.
27/12/2012,0.12643
28/12/2012,0.12857
31/12/2012,0.12857
01/01/2013,.
02/01/2013,0.12857
03/01/2013,0.12857
04/01/2013,0.13071
07/01/2013,0.12929
08/01/2013,0.12929
09/01/2013,0.12857
10/01/2013,0.125
11/01/2013,0.13214
14/01/2013,0.13714
15/01/2013,0.13714
16/01/2013,0.13286
17/01/2013,0.13786
18/01/2013,0.14071
21/01/2013,0.13429
22/01/2013,0.135
23/01/2013,0.13429
24/01/2013,0.13643
25/01/2013,0.13857
28/01/2013,0.145
29/01/2013,0.14714
30/01/2013,0.14929
31/01/2013,0.15214
01/02/2013,0.15571
04/02/2013,0.15429
05/02/2013,0.15429
06/02/2013,0.15357
07/02/2013,0.15357
08/02/2013,0.15
11/02/2013,0.14857
12/02/2013,0.14929
13/02/2013,0.14786
14/02/2013,0.145
15/02/2013,0.14214
18/02/2013,0.14143
19/02/2013,0.14
20/02/2013,0.14143
21/02/2013,0.14143
22/02/2013,0.13857
25/02/2013,0.13286
26/02/2013,0.13071
27/02/2013,0.12857
28/02/2013,0.13
01/03/2013,0.12643
04/03/2013,0.12429
05/03/2013,0.12429
06/03/2013,0.12429
07/03/2013,0.12357
08/03/2013,0.12571
11/03/2013,0.12643
12/03/2013,0.12571
13/03/2013,0.12571
14/03/2013,0.12714
15/03/2013,0.12714
18/03/2013,0.12857
19/03/2013,0.13
20/03/2013,0.13214
21/03/2013,0.13286
22/03/2013,0.13714
25/03/2013,0.13429
26/03/2013,0.13357
27/03/2013,0.13214
28/03/2013,0.13071
29/03/2013,.
01/04/2013,.
02/04/2013,0.13143
03/04/2013,0.12929
04/04/2013,0.13071
05/04/2013,0.12857
08/04/2013,0.12929
09/04/2013,0.13071
10/04/2013,0.13
11/04/2013,0.13
12/04/2013,0.12929
15/04/2013,0.12929
16/04/2013,0.13071
17/04/2013,0.13286
18/04/2013,0.13071
19/04/2013,0.13071
22/04/2013,0.12929
23/04/2013,0.125
24/04/2013,0.12214
25/04/2013,0.12214
26/04/2013,0.125
29/04/2013,0.12286
30/04/2013,0.12286
01/05/2013,0.12286
02/05/2013,0.12214
03/05/2013,0.12143
06/05/2013,.
07/05/2013,0.12214
08/05/2013,0.12143
09/05/2013,0.12143
10/05/2013,0.12143
13/05/2013,0.12214
14/05/2013,0.12286
15/05/2013,0.12214
16/05/2013,0.12
17/05/2013,0.11714
20/05/2013,0.11714
21/05/2013,0.11714
22/05/2013,0.11571
23/05/2013,0.11571
24/05/2013,0.11643
27/05/2013,.
28/05/2013,0.11429
29/05/2013,0.11571
30/05/2013,0.11571
31/05/2013,0.115
03/06/2013,0.11571
04/06/2013,0.11643
05/06/2013,0.11714
06/06/2013,0.11714
07/06/2013,0.12143
10/06/2013,0.12286
11/06/2013,0.12643
12/06/2013,0.12929
13/06/2013,0.13
14/06/2013,0.12929
17/06/2013,0.13
18/06/2013,0.13071
19/06/2013,0.13286
20/06/2013,0.13429
21/06/2013,0.13786
24/06/2013,0.14214
25/06/2013,0.14643
26/06/2013,0.14714
27/06/2013,0.14714
28/06/2013,0.14714
01/07/2013,0.14857
02/07/2013,0.14857
03/07/2013,0.14857
04/07/2013,0.14857
05/07/2013,0.14143
08/07/2013,0.14071
09/07/2013,0.14071
10/07/2013,0.14071
11/07/2013,0.14214
12/07/2013,0.14214
15/07/2013,0.14214
16/07/2013,0.14214
17/07/2013,0.14143
18/07/2013,0.14143
19/07/2013,0.14214
22/07/2013,0.145
23/07/2013,0.14929
24/07/2013,0.15214
25/07/2013,0.15071
26/07/2013,0.14786
29/07/2013,0.15214
30/07/2013,0.15214
31/07/2013,0.15214
01/08/2013,0.15286
02/08/2013,0.15357
05/08/2013,0.15286
06/08/2013,0.15214
07/08/2013,0.15214
08/08/2013,0.15214
09/08/2013,0.15214
12/08/2013,0.15071
13/08/2013,0.15071
14/08/2013,0.15143
15/08/2013,0.15143
16/08/2013,0.15143
19/08/2013,0.15143
20/08/2013,0.15143
21/08/2013,0.15143
22/08/2013,0.15143
23/08/2013,0.15143
26/08/2013,.
27/08/2013,0.15143
28/08/2013,0.15143
29/08/2013,0.15357
30/08/2013,0.15357
02/09/2013,0.15643
03/09/2013,0.15643
04/09/2013,0.15643
05/09/2013,0.15643
06/09/2013,0.15643
09/09/2013,0.15571
10/09/2013,0.15571
11/09/2013,0.155
12/09/2013,0.15286
13/09/2013,0.15214
16/09/2013,0.15429
17/09/2013,0.15429
18/09/2013,0.15429
19/09/2013,0.15429
20/09/2013,0.15429
23/09/2013,0.155
24/09/2013,0.155
25/09/2013,0.15714
26/09/2013,0.15929
27/09/2013,0.15929
30/09/2013,0.15929
01/10/2013,0.15929
02/10/2013,0.15929
03/10/2013,0.15929
04/10/2013,0.15929
07/10/2013,0.16
08/10/2013,0.16071
09/10/2013,0.16143
10/10/2013,0.16143
11/10/2013,0.16286
14/10/2013,0.165
15/10/2013,0.16429
16/10/2013,0.16571
17/10/2013,0.16571
18/10/2013,0.165
21/10/2013,0.16643
22/10/2013,0.16643
23/10/2013,0.16786
24/10/2013,0.17071
25/10/2013,0.17357
28/10/2013,0.17571
29/10/2013,0.18143
30/10/2013,0.17571
31/10/2013,0.17571
01/11/2013,0.17357
04/11/2013,0.175
05/11/2013,0.17857
06/11/2013,0.17857
07/11/2013,0.17714
08/11/2013,0.17071
11/11/2013,0.17
12/11/2013,0.16929
13/11/2013,0.16929
14/11/2013,0.16857
15/11/2013,0.16857
18/11/2013,0.16857
19/11/2013,0.16857
20/11/2013,0.16857
21/11/2013,0.16786
22/11/2013,0.175
25/11/2013,0.18143
26/11/2013,0.18714
27/11/2013,0.18643
28/11/2013,0.19071
29/11/2013,0.19
02/12/2013,0.19286
03/12/2013,0.19857
04/12/2013,0.20071
05/12/2013,0.20214
06/12/2013,0.21429
09/12/2013,0.22429
10/12/2013,0.23429
11/12/2013,0.24357
12/12/2013,0.25286
13/12/2013,0.25571
16/12/2013,0.26214
17/12/2013,0.27429
18/12/2013,0.27714
19/12/2013,0.27143
20/12/2013,0.27143
23/12/2013,0.27214
24/12/2013,0.27214
25/12/2013,.
26/12/2013,.
27/12/2013,0.27357
30/12/2013,0.26786
31/12/2013,0.26571
01/01/2014,.
02/01/2014,0.26286
03/01/2014,0.25571
06/01/2014,0.25714
07/01/2014,0.25643
08/01/2014,0.25643
09/01/2014,0.26
10/01/2014,0.25929
13/01/2014,0.25929
14/01/2014,0.26143
15/01/2014,0.26857
16/01/2014,0.28357
17/01/2014,0.28429
20/01/2014,0.28214
21/01/2014,0.28429
22/01/2014,0.28
23/01/2014,0.28
24/01/2014,0.275
27/01/2014,0.27643
28/01/2014,0.28
29/01/2014,0.27286
30/01/2014,0.27
31/01/2014,0.26286
03/02/2014,0.25643
04/02/2014,0.25429
05/02/2014,0.255
06/02/2014,0.25429
07/02/2014,0.25786
10/02/2014,0.25714
11/02/2014,0.25929
12/02/2014,0.26
13/02/2014,0.25786
14/02/2014,0.25929
17/02/2014,0.25857
18/02/2014,0.25786
19/02/2014,0.25571
20/02/2014,0.25714
21/02/2014,0.26071
24/02/2014,0.26071
25/02/2014,0.26143
26/02/2014,0.26143
27/02/2014,0.26
28/02/2014,0.26143
03/03/2014,0.26
04/03/2014,0.25714
05/03/2014,0.25643
06/03/2014,0.255
07/03/2014,0.27071
10/03/2014,0.27857
11/03/2014,0.27714
12/03/2014,0.275
13/03/2014,0.27214
14/03/2014,0.27214
17/03/2014,0.27429
18/03/2014,0.27643
19/03/2014,0.28
20/03/2014,0.28
21/03/2014,0.28071
24/03/2014,0.28714
25/03/2014,0.28571
26/03/2014,0.28143
27/03/2014,0.27786
28/03/2014,0.27643
31/03/2014,0.28143
01/04/2014,0.28143
02/04/2014,0.28571
03/04/2014,0.28357
04/04/2014,0.29
07/04/2014,0.29071
08/04/2014,0.29
09/04/2014,0.29
10/04/2014,0.29214
11/04/2014,0.29286
14/04/2014,0.29143
15/04/2014,0.29143
16/04/2014,0.29143
17/04/2014,0.29214
18/04/2014,.
21/04/2014,.
22/04/2014,0.29357
23/04/2014,0.29643
24/04/2014,0.30214
25/04/2014,0.31143
28/04/2014,0.32143
29/04/2014,0.31143
30/04/2014,0.30786
01/05/2014,0.30786
02/05/2014,0.30786
05/05/2014,.
06/05/2014,0.30786
07/05/2014,0.30786
08/05/2014,0.30786
09/05/2014,0.3
12/05/2014,0.305
13/05/2014,0.305
14/05/2014,0.29643
15/05/2014,0.28857
16/05/2014,0.29
19/05/2014,0.29286
20/05/2014,0.29286
21/05/2014,0.29214
22/05/2014,0.29357
23/05/2014,0.29214
26/05/2014,.
27/05/2014,0.28786
28/05/2014,0.28786
29/05/2014,0.28714
30/05/2014,0.28714
02/06/2014,0.28714
03/06/2014,0.28143
04/06/2014,0.28
05/06/2014,0.27071
06/06/2014,0.24643
09/06/2014,0.245
10/06/2014,0.24429
11/06/2014,0.23571
12/06/2014,0.21286
13/06/2014,0.20571
16/06/2014,0.19214
17/06/2014,0.18929
18/06/2014,0.185
19/06/2014,0.17786
20/06/2014,0.17643
23/06/2014,0.17857
24/06/2014,0.17786
25/06/2014,0.17571
26/06/2014,0.17571
27/06/2014,0.17429
30/06/2014,0.17571
01/07/2014,0.17571
02/07/2014,0.17571
03/07/2014,0.17714
04/07/2014,0.17429
07/07/2014,0.17214
08/07/2014,0.17214
09/07/2014,0.17143
10/07/2014,0.17143
11/07/2014,0.17286
14/07/2014,0.17143
15/07/2014,0.17143
16/07/2014,0.17143
17/07/2014,0.17214
18/07/2014,0.17071
21/07/2014,0.17143
22/07/2014,0.17429
23/07/2014,0.17429
24/07/2014,0.17857
25/07/2014,0.17786
28/07/2014,0.17643
29/07/2014,0.18071
30/07/2014,0.17571
31/07/2014,0.17714
01/08/2014,0.17286
04/08/2014,0.17286
05/08/2014,0.17143
06/08/2014,0.16857
07/08/2014,0.16786
08/08/2014,0.16786
11/08/2014,0.16643
12/08/2014,0.16357
13/08/2014,0.16286
14/08/2014,0.15929
15/08/2014,0.15714
18/08/2014,0.15786
19/08/2014,0.15357
20/08/2014,0.15429
21/08/2014,0.15214
22/08/2014,0.15143
25/08/2014,.
26/08/2014,0.13857
27/08/2014,0.13143
28/08/2014,0.13
29/08/2014,0.12643
01/09/2014,0.12143
02/09/2014,0.11571
03/09/2014,0.11643
04/09/2014,0.115
05/09/2014,0.05857
08/09/2014,0.05357
09/09/2014,0.04714
10/09/2014,0.05071
11/09/2014,0.05
12/09/2014,0.05071
15/09/2014,0.05071
16/09/2014,0.05
17/09/2014,0.05
18/09/2014,0.05143
19/09/2014,0.05214
22/09/2014,0.05143
23/09/2014,0.05286
24/09/2014,0.05571
25/09/2014,0.055
26/09/2014,0.05714
29/09/2014,0.05714
30/09/2014,0.05714
01/10/2014,0.05714
02/10/2014,0.05286
03/10/2014,0.05214
06/10/2014,0.05214
07/10/2014,0.05214
08/10/2014,0.05429
09/10/2014,0.05429
10/10/2014,0.055
13/10/2014,0.05857
14/10/2014,0.05929
15/10/2014,0.05643
16/10/2014,0.05714
17/10/2014,0.05643
20/10/2014,0.055
21/10/2014,0.05857
22/10/2014,0.06143
23/10/2014,0.06214
24/10/2014,0.06286
27/10/2014,0.06429
28/10/2014,0.06429
29/10/2014,0.06429
30/10/2014,0.06214
31/10/2014,0.06214
03/11/2014,0.06143
04/11/2014,0.06071
05/11/2014,0.06
06/11/2014,0.055
07/11/2014,0.05286
10/11/2014,0.05286
11/11/2014,0.05429
12/11/2014,0.055
13/11/2014,0.05286
14/11/2014,0.05357
17/11/2014,0.05357
18/11/2014,0.05643
19/11/2014,0.06143
20/11/2014,0.06214
21/11/2014,0.06214
24/11/2014,0.06214
25/11/2014,0.06214
26/11/2014,0.06286
27/11/2014,0.06286
28/11/2014,0.06214
01/12/2014,0.06071
02/12/2014,0.06
03/12/2014,0.05786
04/12/2014,0.05643
05/12/2014,0.05786
08/12/2014,0.05857
09/12/2014,0.05929
10/12/2014,0.05857
11/12/2014,0.06
12/12/2014,0.06
15/12/2014,0.06143
16/12/2014,0.06071
17/12/2014,0.05929
18/12/2014,0.05857
19/12/2014,0.05929
22/12/2014,0.05786
23/12/2014,0.05643
24/12/2014,0.05643
25/12/2014,.
26/12/2014,.
29/12/2014,0.05929
30/12/2014,0.05786
31/12/2014,0.05857
01/01/2015,.
02/01/2015,0.05786
05/01/2015,0.05429
06/01/2015,0.05214
07/01/2015,0.04714
08/01/2015,0.04786
09/01/2015,0.04786
12/01/2015,0.04857
13/01/2015,0.04786
14/01/2015,0.045
15/01/2015,0.03929
16/01/2015,0.02929
19/01/2015,0.02929
20/01/2015,0.03071
21/01/2015,0.03071
22/01/2015,0.03143
23/01/2015,0.03286
26/01/2015,0.03429
27/01/2015,0.03429
28/01/2015,0.03357
29/01/2015,0.03214
30/01/2015,0.03214
02/02/2015,0.03214
03/02/2015,0.02786
04/02/2015,0.02571
05/02/2015,0.02571
06/02/2015,0.02571
09/02/2015,0.02429
10/02/2015,0.02571
11/02/2015,0.02786
12/02/2015,0.02357
13/02/2015,0.02357
16/02/2015,0.025
17/02/2015,0.02571
18/02/2015,0.02571
19/02/2015,0.025
20/02/2015,0.02571
23/02/2015,0.02429
24/02/2015,0.02429
25/02/2015,0.02357
26/02/2015,0.02143
27/02/2015,0.025
02/03/2015,0.025
03/03/2015,0.02643
04/03/2015,0.02643
05/03/2015,0.02643
06/03/2015,0.025
09/03/2015,0.02214
10/03/2015,0.02143
11/03/2015,0.01929
12/03/2015,0.01857
13/03/2015,0.01857
16/03/2015,0.01929
17/03/2015,0.01929
18/03/2015,0.02
19/03/2015,0.01714
20/03/2015,0.01429
23/03/2015,0.01357
24/03/2015,0.01357
25/03/2015,0.01357
26/03/2015,0.01357
27/03/2015,0.01357
30/03/2015,0.01786
31/03/2015,0.01786
01/04/2015,0.01
02/04/2015,0.01
03/04/2015,.
06/04/2015,.
07/04/2015,0.00857
08/04/2015,0.00714
09/04/2015,0.00643
10/04/2015,0.00714
13/04/2015,0.00714
14/04/2015,0.005
15/04/2015,0.005
16/04/2015,-0.00143
17/04/2015,-0.005
20/04/2015,-0.00429
21/04/2015,-0.005
22/04/2015,-0.005
23/04/2015,-0.00643
24/04/2015,-0.00429
27/04/2015,-0.00429
28/04/2015,-0.00857
29/04/2015,-0.00714
30/04/2015,-0.00786
01/05/2015,-0.00786
04/05/2015,.
05/05/2015,-0.01143
06/05/2015,-0.01357
07/05/2015,-0.01714
08/05/2015,-0.01643
11/05/2015,-0.01643
12/05/2015,-0.015
13/05/2015,-0.01429
14/05/2015,-0.01714
15/05/2015,-0.015
18/05/2015,-0.015
19/05/2015,-0.01714
20/05/2015,-0.01714
21/05/2015,-0.01429
22/05/2015,-0.01429
25/05/2015,.
26/05/2015,-0.01286
27/05/2015,-0.01286
28/05/2015,-0.01286
29/05/2015,-0.01571
01/06/2015,-0.01357
02/06/2015,-0.01286
03/06/2015,-0.01429
04/06/2015,-0.01357
05/06/2015,-0.01357
08/06/2015,-0.015
09/06/2015,-0.01429
10/06/2015,-0.015
11/06/2015,-0.01429
12/06/2015,-0.01143
15/06/2015,-0.01071
16/06/2015,-0.01071
17/06/2015,-0.01143
18/06/2015,-0.01143
19/06/2015,-0.01214
22/06/2015,-0.01214
23/06/2015,-0.01571
24/06/2015,-0.01571
25/06/2015,-0.015
26/06/2015,-0.01357
29/06/2015,-0.00929
30/06/2015,-0.01214
01/07/2015,-0.01286
02/07/2015,-0.015
03/07/2015,-0.015
06/07/2015,-0.015
07/07/2015,-0.01571
08/07/2015,-0.01286
09/07/2015,-0.01429
10/07/2015,-0.01429
13/07/2015,-0.01214
14/07/2015,-0.01429
15/07/2015,-0.01429
16/07/2015,-0.015
17/07/2015,-0.01429
20/07/2015,-0.01571
21/07/2015,-0.01714
22/07/2015,-0.01643
23/07/2015,-0.01643
24/07/2015,-0.01643
27/07/2015,-0.01643
28/07/2015,-0.01429
29/07/2015,-0.01571
30/07/2015,-0.01643
31/07/2015,-0.01714
03/08/2015,-0.01929
04/08/2015,-0.01714
05/08/2015,-0.01714
06/08/2015,-0.01929
07/08/2015,-0.02
10/08/2015,-0.02214
11/08/2015,-0.02357
12/08/2015,-0.02286
13/08/2015,-0.025
14/08/2015,-0.02714
17/08/2015,-0.02571
18/08/2015,-0.02643
19/08/2015,-0.02643
20/08/2015,-0.02643
21/08/2015,-0.03
24/08/2015,-0.03
25/08/2015,-0.02786
26/08/2015,-0.02857
27/08/2015,-0.02929
28/08/2015,-0.03
31/08/2015,.
01/09/2015,-0.03
02/09/2015,-0.03071
03/09/2015,-0.03214
04/09/2015,-0.03357
07/09/2015,-0.03786
08/09/2015,-0.03714
09/09/2015,-0.04286
10/09/2015,-0.04286
11/09/2015,-0.04286
14/09/2015,-0.03786
15/09/2015,-0.04429
16/09/2015,-0.04
17/09/2015,-0.04
18/09/2015,-0.04
21/09/2015,-0.04071
22/09/2015,-0.04071
23/09/2015,-0.04214
24/09/2015,-0.04214
25/09/2015,-0.04143
28/09/2015,-0.04214
29/09/2015,-0.04071
30/09/2015,-0.04071
01/10/2015,-0.04571
02/10/2015,-0.04429
05/10/2015,-0.04429
06/10/2015,-0.04429
07/10/2015,-0.04429
08/10/2015,-0.04571
09/10/2015,-0.04571
12/10/2015,-0.04571
13/10/2015,-0.04714
14/10/2015,-0.04714
15/10/2015,-0.04929
16/10/2015,-0.055
19/10/2015,-0.05714
20/10/2015,-0.05071
21/10/2015,-0.05
22/10/2015,-0.05286
23/10/2015,-0.06643
26/10/2015,-0.06857
27/10/2015,-0.07
28/10/2015,-0.07143
29/10/2015,-0.07143
30/10/2015,-0.07429
02/11/2015,-0.07429
03/11/2015,-0.07643
04/11/2015,-0.07857
05/11/2015,-0.07857
06/11/2015,-0.08071
09/11/2015,-0.08071
10/11/2015,-0.08786
11/11/2015,-0.08929
12/11/2015,-0.09214
13/11/2015,-0.09214
16/11/2015,-0.095
17/11/2015,-0.09786
18/11/2015,-0.09786
19/11/2015,-0.09786
20/11/2015,-0.10357
23/11/2015,-0.10786
24/11/2015,-0.11286
25/11/2015,-0.11286
26/11/2015,-0.11786
27/11/2015,-0.11786
30/11/2015,-0.11714
01/12/2015,-0.12
02/12/2015,-0.12143
03/12/2015,-0.12857
04/12/2015,-0.11
07/12/2015,-0.11214
08/12/2015,-0.11429
09/12/2015,-0.11429
10/12/2015,-0.12143
11/12/2015,-0.12214
14/12/2015,-0.12357
15/12/2015,-0.12286
16/12/2015,-0.12286
17/12/2015,-0.12357
18/12/2015,-0.12429
21/12/2015,-0.12643
22/12/2015,-0.12643
23/12/2015,-0.12714
24/12/2015,-0.12714
25/12/2015,.
28/12/2015,.
29/12/2015,-0.12714
30/12/2015,-0.12786
31/12/2015,-0.12786
01/01/2016,.
04/01/2016,-0.12857
05/01/2016,-0.12857
06/01/2016,-0.13143
07/01/2016,-0.13857
08/01/2016,-0.13857
11/01/2016,-0.14071
12/01/2016,-0.14071
13/01/2016,-0.14071
14/01/2016,-0.14643
15/01/2016,-0.14714
18/01/2016,-0.14857
19/01/2016,-0.15143
20/01/2016,-0.15571
21/01/2016,-0.15643
22/01/2016,-0.16286
25/01/2016,-0.16571
26/01/2016,-0.16929
27/01/2016,-0.17071
28/01/2016,-0.17429
29/01/2016,-0.18071
01/02/2016,-0.18143
02/02/2016,-0.18071
03/02/2016,-0.18357
04/02/2016,-0.18529
05/02/2016,-0.18814
08/02/2016,-0.19057
09/02/2016,-0.19343
10/02/2016,-0.19414
11/02/2016,-0.19643
12/02/2016,-0.202
15/02/2016,-0.20129
16/02/2016,-0.20657
17/02/2016,-0.208
18/02/2016,-0.21229
19/02/2016,-0.21343
22/02/2016,-0.21571
23/02/2016,-0.21571
24/02/2016,-0.21586
25/02/2016,-0.21729
26/02/2016,-0.22043
29/02/2016,-0.22286
01/03/2016,-0.22286
02/03/2016,-0.227
03/03/2016,-0.22914
04/03/2016,-0.23014
07/03/2016,-0.23514
08/03/2016,-0.23929
09/03/2016,-0.24214
10/03/2016,-0.24286
11/03/2016,-0.23571
14/03/2016,-0.23929
15/03/2016,-0.24286
16/03/2016,-0.24571
17/03/2016,-0.24786
18/03/2016,-0.24643
21/03/2016,-0.24857
22/03/2016,-0.24943
23/03/2016,-0.24943
24/03/2016,-0.24886
25/03/2016,.
28/03/2016,.
29/03/2016,-0.249
30/03/2016,-0.249
31/03/2016,-0.249
01/04/2016,-0.24971
04/04/2016,-0.25114
05/04/2016,-0.25143
06/04/2016,-0.25143
07/04/2016,-0.25757
08/04/2016,-0.26043
11/04/2016,-0.26286
12/04/2016,-0.26214
13/04/2016,-0.26
14/04/2016,-0.26786
15/04/2016,-0.265
18/04/2016,-0.265
19/04/2016,-0.268
20/04/2016,-0.26729
21/04/2016,-0.26743
22/04/2016,-0.26771
25/04/2016,-0.26929
26/04/2016,-0.27286
27/04/2016,-0.27286
28/04/2016,-0.27243
29/04/2016,-0.27171
02/05/2016,.
03/05/2016,-0.27386
04/05/2016,-0.27557
05/05/2016,-0.27586
06/05/2016,-0.276
09/05/2016,-0.27743
10/05/2016,-0.27743
11/05/2016,-0.27314
12/05/2016,-0.27529
13/05/2016,-0.27529
16/05/2016,-0.27529
17/05/2016,-0.281
18/05/2016,-0.281
19/05/2016,-0.27957
20/05/2016,-0.27814
23/05/2016,-0.27814
24/05/2016,-0.27957
25/05/2016,-0.27886
26/05/2016,-0.27886
27/05/2016,-0.28171
30/05/2016,.
31/05/2016,-0.28186
01/06/2016,-0.28114
02/06/2016,-0.27829
03/06/2016,-0.27757
06/06/2016,-0.27971
07/06/2016,-0.27829
08/06/2016,-0.28043
09/06/2016,-0.28114
10/06/2016,-0.28186
13/06/2016,-0.28114
14/06/2016,-0.28329
15/06/2016,-0.28257
16/06/2016,-0.28357
17/06/2016,-0.28429
20/06/2016,-0.28357
21/06/2016,-0.28357
22/06/2016,-0.285
23/06/2016,-0.28786
24/06/2016,-0.295
27/06/2016,-0.29743
28/06/2016,-0.29
29/06/2016,-0.29357
30/06/2016,-0.29486
01/07/2016,-0.29514
04/07/2016,-0.298
05/07/2016,-0.298
06/07/2016,-0.30229
07/07/2016,-0.30371
08/07/2016,-0.30443
11/07/2016,-0.30157
12/07/2016,-0.30086
13/07/2016,-0.30786
14/07/2016,-0.30786
15/07/2016,-0.30429
18/07/2016,-0.30643
19/07/2016,-0.30357
20/07/2016,-0.30357
21/07/2016,-0.30357
22/07/2016,-0.30357
25/07/2016,-0.30357
26/07/2016,-0.30357
27/07/2016,-0.30286
28/07/2016,-0.30286
29/07/2016,-0.30214
01/08/2016,-0.30286
02/08/2016,-0.30429
03/08/2016,-0.31443
04/08/2016,-0.31443
05/08/2016,-0.31571
08/08/2016,-0.31571
09/08/2016,-0.31857
10/08/2016,-0.31857
11/08/2016,-0.31929
12/08/2016,-0.31929
15/08/2016,-0.32143
16/08/2016,-0.32157
17/08/2016,-0.32014
18/08/2016,-0.32029
19/08/2016,-0.32029
22/08/2016,-0.32029
23/08/2016,-0.31886
24/08/2016,-0.32029
25/08/2016,-0.32029
26/08/2016,-0.32029
29/08/2016,.
30/08/2016,-0.32243
31/08/2016,-0.32257
01/09/2016,-0.32686
02/09/2016,-0.32586
05/09/2016,-0.32514
06/09/2016,-0.324
07/09/2016,-0.32114
08/09/2016,-0.32257
09/09/2016,-0.31871
12/09/2016,-0.32014
13/09/2016,-0.32014
14/09/2016,-0.31943
15/09/2016,-0.32014
16/09/2016,-0.32086
19/09/2016,-0.32086
20/09/2016,-0.32157
21/09/2016,-0.32243
22/09/2016,-0.32243
23/09/2016,-0.32029
26/09/2016,-0.32186
27/09/2016,-0.32186
28/09/2016,-0.32538
29/09/2016,-0.322
30/09/2016,-0.322
03/10/2016,-0.322
04/10/2016,-0.32057
05/10/2016,-0.32057
06/10/2016,-0.32057
07/10/2016,-0.322
10/10/2016,-0.32171
11/10/2016,-0.32043
12/10/2016,-0.32271
13/10/2016,-0.32486
14/10/2016,-0.32343
17/10/2016,-0.32343
18/10/2016,-0.32357
19/10/2016,-0.32357
20/10/2016,-0.32357
21/10/2016,-0.32286
24/10/2016,-0.32286
25/10/2016,-0.32286
26/10/2016,-0.32357
27/10/2016,-0.31929
28/10/2016,-0.31929
31/10/2016,-0.32071
01/11/2016,-0.32214
02/11/2016,-0.32357
03/11/2016,-0.32286
04/11/2016,-0.32286
07/11/2016,-0.32214
08/11/2016,-0.33143
09/11/2016,-0.33214
10/11/2016,-0.33143
11/11/2016,-0.33071
14/11/2016,-0.33214
15/11/2016,-0.33143
16/11/2016,-0.32857
17/11/2016,-0.32929
18/11/2016,-0.32929
21/11/2016,-0.32714
22/11/2016,-0.33071
23/11/2016,-0.33071
24/11/2016,-0.32929
25/11/2016,-0.33071
28/11/2016,-0.33143
29/11/2016,-0.32643
30/11/2016,-0.325
01/12/2016,-0.33357
02/12/2016,-0.33357
05/12/2016,-0.33429
06/12/2016,-0.33714
07/12/2016,-0.33714
08/12/2016,-0.33429
09/12/2016,-0.33357
12/12/2016,-0.33357
13/12/2016,-0.33429
14/12/2016,-0.33071
15/12/2016,-0.33
16/12/2016,-0.32929
19/12/2016,-0.33071
20/12/2016,-0.33071
21/12/2016,-0.33357
22/12/2016,-0.335
23/12/2016,-0.33357
26/12/2016,.
27/12/2016,.
28/12/2016,-0.33571
29/12/2016,-0.33571
30/12/2016,-0.33643
02/01/2017,.
03/01/2017,-0.33571
04/01/2017,-0.33857
05/01/2017,-0.33857
06/01/2017,-0.34143
09/01/2017,-0.34071
10/01/2017,-0.34071
11/01/2017,-0.34071
12/01/2017,-0.34143
13/01/2017,-0.34143
16/01/2017,-0.34286
17/01/2017,-0.34071
18/01/2017,-0.34071
19/01/2017,-0.34071
20/01/2017,-0.34071
23/01/2017,-0.34071
24/01/2017,-0.34071
25/01/2017,-0.34357
26/01/2017,-0.34357
27/01/2017,-0.345
30/01/2017,-0.345
31/01/2017,-0.34357
01/02/2017,-0.34357
02/02/2017,-0.34386
03/02/2017,-0.34386
06/02/2017,-0.34386
07/02/2017,-0.34957
08/02/2017,-0.34829
09/02/2017,-0.349
10/02/2017,-0.349
13/02/2017,-0.349
14/02/2017,-0.35043
15/02/2017,-0.35014
16/02/2017,-0.35014
17/02/2017,-0.35157
20/02/2017,-0.35214
21/02/2017,-0.35214
22/02/2017,-0.35214
23/02/2017,-0.35071
24/02/2017,-0.35143
27/02/2017,-0.35214
28/02/2017,-0.35286
01/03/2017,-0.35643
02/03/2017,-0.355
03/03/2017,-0.35429
06/03/2017,-0.35214
07/03/2017,-0.35357
08/03/2017,-0.35714
09/03/2017,-0.35714
10/03/2017,-0.35429
13/03/2017,-0.35429
14/03/2017,-0.35429
15/03/2017,-0.35429
16/03/2017,-0.35429
17/03/2017,-0.35429
20/03/2017,-0.35429
21/03/2017,-0.35571
22/03/2017,-0.35571
23/03/2017,-0.35571
24/03/2017,-0.35571
27/03/2017,-0.35571
28/03/2017,-0.35786
29/03/2017,-0.35786
30/03/2017,-0.35571
31/03/2017,-0.35786
03/04/2017,-0.36071
04/04/2017,-0.35929
05/04/2017,-0.35929
06/04/2017,-0.35929
07/04/2017,-0.35786
10/04/2017,-0.36071
11/04/2017,-0.36071
12/04/2017,-0.36071
13/04/2017,-0.35786
14/04/2017,.
17/04/2017,.
18/04/2017,-0.35929
19/04/2017,-0.36071
20/04/2017,-0.36071
21/04/2017,-0.36214
24/04/2017,-0.35857
25/04/2017,-0.36143
26/04/2017,-0.36071
27/04/2017,-0.36071
28/04/2017,-0.36286
01/05/2017,.
02/05/2017,-0.36214
03/05/2017,-0.36214
04/05/2017,-0.36214
05/05/2017,-0.36286
08/05/2017,-0.36429
09/05/2017,-0.36429
10/05/2017,-0.36857
11/05/2017,-0.36714
12/05/2017,-0.36643
15/05/2017,-0.36643
16/05/2017,-0.37071
17/05/2017,-0.37214
18/05/2017,-0.37286
19/05/2017,-0.37286
22/05/2017,-0.36857
23/05/2017,-0.36929
24/05/2017,-0.37
25/05/2017,-0.36929
26/05/2017,-0.36929
29/05/2017,.
30/05/2017,-0.36929
31/05/2017,-0.37
01/06/2017,-0.37
02/06/2017,-0.37
05/06/2017,-0.37
06/06/2017,-0.37
07/06/2017,-0.37
08/06/2017,-0.37071
09/06/2017,-0.37214
12/06/2017,-0.37143
13/06/2017,-0.37143
14/06/2017,-0.37143
15/06/2017,-0.37143
16/06/2017,-0.37286
19/06/2017,-0.37286
20/06/2017,-0.37286
21/06/2017,-0.37286
22/06/2017,-0.37286
23/06/2017,-0.37286
26/06/2017,-0.37286
27/06/2017,-0.37286
28/06/2017,-0.37286
29/06/2017,-0.372
30/06/2017,-0.372
03/07/2017,-0.372
04/07/2017,-0.37357
05/07/2017,-0.375
06/07/2017,-0.375
07/07/2017,-0.375
10/07/2017,-0.37214
11/07/2017,-0.37214
12/07/2017,-0.37229
13/07/2017,-0.37229
14/07/2017,-0.37586
17/07/2017,-0.37157
18/07/2017,-0.37614
19/07/2017,-0.37643
20/07/2017,-0.37643
21/07/2017,-0.37643
24/07/2017,-0.37286
25/07/2017,-0.37286
26/07/2017,-0.37786
27/07/2017,-0.37729
28/07/2017,-0.37729
31/07/2017,-0.37729
01/08/2017,-0.37729
02/08/2017,-0.37729
03/08/2017,-0.373
04/08/2017,-0.37271
07/08/2017,-0.37271
08/08/2017,-0.37271
09/08/2017,-0.37271
10/08/2017,-0.37486
11/08/2017,-0.37771
14/08/2017,-0.37771
15/08/2017,-0.37757
16/08/2017,-0.37757
17/08/2017,-0.37757
18/08/2017,-0.37757
21/08/2017,-0.37329
22/08/2017,-0.37343
23/08/2017,-0.374
24/08/2017,-0.37257
25/08/2017,-0.374
28/08/2017,.
29/08/2017,-0.37257
30/08/2017,-0.37257
31/08/2017,-0.37186
01/09/2017,-0.37329
04/09/2017,-0.37329
05/09/2017,-0.37329
06/09/2017,-0.37329
07/09/2017,-0.37329
08/09/2017,-0.375
11/09/2017,-0.37571
12/09/2017,-0.37571
13/09/2017,-0.37457
14/09/2017,-0.37557
15/09/2017,-0.37657
18/09/2017,-0.378
19/09/2017,-0.378
20/09/2017,-0.37871
21/09/2017,-0.37871
22/09/2017,-0.37829
25/09/2017,-0.37929
26/09/2017,-0.379
27/09/2017,-0.37757
28/09/2017,-0.37957
29/09/2017,-0.37943
02/10/2017,-0.38086
03/10/2017,-0.37786
04/10/2017,-0.37786
05/10/2017,-0.37643
06/10/2017,-0.37643
09/10/2017,-0.37643
10/10/2017,-0.37586
11/10/2017,-0.37586
12/10/2017,-0.37571
13/10/2017,-0.37514
16/10/2017,-0.37514
17/10/2017,-0.37514
18/10/2017,-0.37514
19/10/2017,-0.37729
20/10/2017,-0.37729
23/10/2017,-0.37871
24/10/2017,-0.37943
25/10/2017,-0.38086
26/10/2017,-0.38143
27/10/2017,-0.37857
30/10/2017,-0.38
31/10/2017,-0.37886
01/11/2017,-0.37757
02/11/2017,-0.37757
03/11/2017,-0.37786
06/11/2017,-0.37786
07/11/2017,-0.37786
08/11/2017,-0.37786
09/11/2017,-0.37757
10/11/2017,-0.378
13/11/2017,-0.378
14/11/2017,-0.37814
15/11/2017,-0.37857
16/11/2017,-0.37857
17/11/2017,-0.37857
20/11/2017,-0.37943
21/11/2017,-0.37957
22/11/2017,-0.37957
23/11/2017,-0.37957
24/11/2017,-0.381
27/11/2017,-0.381
28/11/2017,-0.38171
29/11/2017,-0.38171
30/11/2017,-0.38171
01/12/2017,-0.38343
04/12/2017,-0.38343
05/12/2017,-0.38
06/12/2017,-0.37929
07/12/2017,-0.37929
08/12/2017,-0.387
11/12/2017,-0.38643
12/12/2017,-0.38643
13/12/2017,-0.38643
14/12/2017,-0.38429
15/12/2017,-0.38571
18/12/2017,-0.38571
19/12/2017,-0.385
20/12/2017,-0.38686
21/12/2017,-0.38471
22/12/2017,-0.38471
25/12/2017,.
26/12/2017,.
27/12/2017,-0.38471
28/12/2017,-0.38471
29/12/2017,-0.38471
01/01/2018,.
02/01/2018,-0.38471
03/01/2018,-0.38543
04/01/2018,-0.38357
05/01/2018,-0.38143
08/01/2018,-0.38071
09/01/2018,-0.38071
10/01/2018,-0.38086
11/01/2018,-0.381
12/01/2018,-0.381
15/01/2018,-0.38129
16/01/2018,-0.38129
17/01/2018,-0.38129
18/01/2018,-0.38129
19/01/2018,-0.38143
22/01/2018,-0.38143
23/01/2018,-0.38286
24/01/2018,-0.38286
25/01/2018,-0.38286
26/01/2018,-0.38286
29/01/2018,-0.38157
30/01/2018,-0.377
31/01/2018,-0.377
01/02/2018,-0.37843
02/02/2018,-0.37986
05/02/2018,-0.38071
06/02/2018,-0.38071
07/02/2018,-0.38214
08/02/2018,-0.38214
09/02/2018,-0.38214
12/02/2018,-0.38286
13/02/2018,-0.38286
14/02/2018,-0.38
15/02/2018,-0.38
16/02/2018,-0.376
19/02/2018,-0.37657
20/02/2018,-0.378
21/02/2018,-0.38443
22/02/2018,-0.37543
23/02/2018,-0.38
26/02/2018,-0.38
27/02/2018,-0.37929
28/02/2018,-0.37929
01/03/2018,-0.37929
02/03/2018,-0.37929
05/03/2018,-0.37929
06/03/2018,-0.37929
07/03/2018,-0.37929
08/03/2018,-0.37929
09/03/2018,-0.37929
12/03/2018,-0.37929
13/03/2018,-0.37929
14/03/2018,-0.37929
15/03/2018,-0.37929
16/03/2018,-0.37929
19/03/2018,-0.38929
20/03/2018,-0.38929
21/03/2018,-0.38929
22/03/2018,-0.38643
23/03/2018,-0.38143
26/03/2018,-0.37786
27/03/2018,-0.37643
28/03/2018,-0.37429
29/03/2018,-0.37071
30/03/2018,.
02/04/2018,.
03/04/2018,-0.36429
04/04/2018,-0.36429
05/04/2018,-0.36429
06/04/2018,-0.36571
09/04/2018,-0.36571
10/04/2018,-0.36571
11/04/2018,-0.36571
12/04/2018,-0.36571
13/04/2018,-0.365
16/04/2018,-0.365
17/04/2018,-0.365
18/04/2018,-0.365
19/04/2018,-0.365
20/04/2018,-0.365
23/04/2018,-0.365
24/04/2018,-0.365
25/04/2018,-0.36357
26/04/2018,-0.36357
27/04/2018,-0.35571
30/04/2018,-0.35571
01/05/2018,-0.35571
02/05/2018,-0.35571
03/05/2018,-0.35429
04/05/2018,-0.35329
07/05/2018,.
08/05/2018,-0.35329
09/05/2018,-0.35257
10/05/2018,-0.35086
11/05/2018,-0.35086
14/05/2018,-0.35057
15/05/2018,-0.35057
16/05/2018,-0.352
17/05/2018,-0.35343
18/05/2018,-0.35343
21/05/2018,-0.35343
22/05/2018,-0.352
23/05/2018,-0.352
24/05/2018,-0.352
25/05/2018,-0.352
28/05/2018,.
29/05/2018,-0.35129
30/05/2018,-0.35129
31/05/2018,-0.35057
01/06/2018,-0.35057
04/06/2018,-0.35057
05/06/2018,-0.35057
06/06/2018,-0.35029
07/06/2018,-0.35171
08/06/2018,-0.35171
11/06/2018,-0.35171
12/06/2018,-0.35029
13/06/2018,-0.35029
14/06/2018,-0.34886
15/06/2018,-0.35429
18/06/2018,-0.35571
19/06/2018,-0.36286
20/06/2018,-0.366
21/06/2018,-0.366
22/06/2018,-0.36786
25/06/2018,-0.36829
26/06/2018,-0.36714
27/06/2018,-0.365
28/06/2018,-0.36357
29/06/2018,-0.35714
02/07/2018,-0.35686
03/07/2018,-0.35686
04/07/2018,-0.35843
05/07/2018,-0.35686
06/07/2018,-0.35686
09/07/2018,-0.357
10/07/2018,-0.35543
11/07/2018,-0.35643
12/07/2018,-0.35771
13/07/2018,-0.35786
16/07/2018,-0.35786
17/07/2018,-0.358
18/07/2018,-0.35771
19/07/2018,-0.35771
20/07/2018,-0.35557
23/07/2018,-0.35614
24/07/2018,-0.35643
25/07/2018,-0.35643
26/07/2018,-0.35557
27/07/2018,-0.35557
30/07/2018,-0.35871
31/07/2018,-0.359
01/08/2018,-0.359
02/08/2018,-0.359
03/08/2018,-0.36057
06/08/2018,-0.36057
07/08/2018,-0.36029
08/08/2018,-0.36029
09/08/2018,-0.36043
10/08/2018,-0.36114
13/08/2018,-0.361
14/08/2018,-0.36114
15/08/2018,-0.36129
16/08/2018,-0.36129
17/08/2018,-0.36271
20/08/2018,-0.36271
21/08/2018,-0.36057
22/08/2018,-0.36043
23/08/2018,-0.36214
24/08/2018,-0.36057
27/08/2018,.
28/08/2018,-0.36086
29/08/2018,-0.36243
30/08/2018,-0.35843
31/08/2018,-0.35286
03/09/2018,-0.35271
04/09/2018,-0.35314
05/09/2018,-0.35486
06/09/2018,-0.35486
07/09/2018,-0.35643
10/09/2018,-0.35614
11/09/2018,-0.35643
12/09/2018,-0.35643
13/09/2018,-0.35686
14/09/2018,-0.35643
17/09/2018,-0.35471
18/09/2018,-0.35214
19/09/2018,-0.35243
20/09/2018,-0.35186
21/09/2018,-0.35257
24/09/2018,-0.35186
25/09/2018,-0.352
26/09/2018,-0.35614
27/09/2018,-0.359
28/09/2018,-0.353
01/10/2018,-0.35543
02/10/2018,-0.35743
03/10/2018,-0.35186
04/10/2018,-0.35214
05/10/2018,-0.35829
08/10/2018,-0.35029
09/10/2018,-0.35229
10/10/2018,-0.36029
11/10/2018,-0.34871
12/10/2018,-0.34757
15/10/2018,-0.34886
16/10/2018,-0.34829
17/10/2018,-0.35086
18/10/2018,-0.352
19/10/2018,-0.35486
22/10/2018,-0.35314
23/10/2018,-0.35271
24/10/2018,-0.34771
25/10/2018,-0.349
26/10/2018,-0.35486
29/10/2018,-0.35714
30/10/2018,-0.35614
31/10/2018,-0.35586
01/11/2018,-0.35186
02/11/2018,-0.35457
05/11/2018,-0.35157
06/11/2018,-0.35257
07/11/2018,-0.35886
08/11/2018,-0.35629
09/11/2018,-0.35829
12/11/2018,-0.35814
13/11/2018,-0.35871
14/11/2018,-0.36714
15/11/2018,-0.36943
16/11/2018,-0.36871
19/11/2018,-0.36029
20/11/2018,-0.35943
21/11/2018,-0.35771
22/11/2018,-0.36714
23/11/2018,-0.36686
26/11/2018,-0.35786
27/11/2018,-0.36229
28/11/2018,-0.363
29/11/2018,-0.35857
30/11/2018,-0.359
03/12/2018,-0.35486
04/12/2018,-0.34286
05/12/2018,-0.34871
06/12/2018,-0.35314
07/12/2018,-0.35443
10/12/2018,-0.35729
11/12/2018,-0.35729
12/12/2018,-0.35586
13/12/2018,-0.35543
14/12/2018,-0.35571
17/12/2018,-0.35214
18/12/2018,-0.34971
19/12/2018,-0.34986
20/12/2018,-0.35114
21/12/2018,-0.34829
24/12/2018,-0.35529
25/12/2018,.
26/12/2018,.
27/12/2018,-0.35143
28/12/2018,-0.35829
31/12/2018,-0.35571
01/01/2019,.
02/01/2019,-0.34557
03/01/2019,-0.34543
04/01/2019,-0.34457
07/01/2019,-0.34143
08/01/2019,-0.33457
09/01/2019,-0.33586
10/01/2019,-0.33086
11/01/2019,-0.32857
14/01/2019,-0.32871
15/01/2019,-0.333
16/01/2019,-0.33343
17/01/2019,-0.33357
18/01/2019,-0.34014
21/01/2019,-0.331
22/01/2019,-0.33271
23/01/2019,-0.32371
24/01/2019,-0.326
25/01/2019,-0.33357
28/01/2019,-0.33543
29/01/2019,-0.33729
30/01/2019,-0.34286
31/01/2019,-0.34386
01/02/2019,-0.34186
04/02/2019,-0.33943
05/02/2019,-0.33914
06/02/2019,-0.332
07/02/2019,-0.33157
08/02/2019,-0.33243
11/02/2019,-0.33357
12/02/2019,-0.332
13/02/2019,-0.34443
14/02/2019,-0.34257
15/02/2019,-0.33714
18/02/2019,-0.347
19/02/2019,-0.34557
20/02/2019,-0.34443
21/02/2019,-0.33586
22/02/2019,-0.33643
25/02/2019,-0.33657
26/02/2019,-0.33671
27/02/2019,-0.337
28/02/2019,-0.341
01/03/2019,-0.34071
04/03/2019,-0.33329
05/03/2019,-0.33643
06/03/2019,-0.332
07/03/2019,-0.33186
08/03/2019,-0.33014
11/03/2019,-0.32986
12/03/2019,-0.33143
13/03/2019,-0.33171
14/03/2019,-0.33171
15/03/2019,-0.34171
18/03/2019,-0.33843
19/03/2019,-0.34386
20/03/2019,-0.33443
21/03/2019,-0.33971
22/03/2019,-0.33571
25/03/2019,-0.33457
26/03/2019,-0.34286
27/03/2019,-0.34786
28/03/2019,-0.34586
29/03/2019,-0.348
01/04/2019,-0.34386
02/04/2019,-0.339
03/04/2019,-0.34514
04/04/2019,-0.34829
05/04/2019,-0.35886
08/04/2019,-0.36029
09/04/2019,-0.35786
10/04/2019,-0.35629
11/04/2019,-0.34857
12/04/2019,-0.36043
15/04/2019,-0.34771
16/04/2019,-0.34671
17/04/2019,-0.34814
18/04/2019,-0.35
19/04/2019,.
22/04/2019,.
23/04/2019,-0.35157
24/04/2019,-0.34757
25/04/2019,-0.348
26/04/2019,-0.36071
29/04/2019,-0.35671
30/04/2019,-0.34614
01/05/2019,-0.341
02/05/2019,-0.34757
03/05/2019,-0.34443
06/05/2019,.
07/05/2019,-0.353
08/05/2019,-0.35329
09/05/2019,-0.355
10/05/2019,-0.35857
13/05/2019,-0.364
14/05/2019,-0.35929
15/05/2019,-0.36414
16/05/2019,-0.36514
17/05/2019,-0.354
20/05/2019,-0.35443
21/05/2019,-0.35971
22/05/2019,-0.359
23/05/2019,-0.359
24/05/2019,-0.35929
27/05/2019,.
28/05/2019,-0.35057
29/05/2019,-0.35129
30/05/2019,-0.35229
31/05/2019,-0.34329
03/06/2019,-0.35229
04/06/2019,-0.35457
05/06/2019,-0.36614
06/06/2019,-0.37114
07/06/2019,-0.36686
10/06/2019,-0.36629
11/06/2019,-0.36414
12/06/2019,-0.366
13/06/2019,-0.35886
14/06/2019,-0.35886
17/06/2019,-0.36014
18/06/2019,-0.37314
19/06/2019,-0.37543
20/06/2019,-0.37614
21/06/2019,-0.37771
24/06/2019,-0.37871
25/06/2019,-0.37971
26/06/2019,-0.38571
27/06/2019,-0.38186
28/06/2019,-0.39143
01/07/2019,-0.39186
02/07/2019,-0.39229
03/07/2019,-0.392
04/07/2019,-0.39314
05/07/2019,-0.39529
08/07/2019,-0.391
09/07/2019,-0.399
10/07/2019,-0.39857
11/07/2019,-0.40486
12/07/2019,-0.4
15/07/2019,-0.401
16/07/2019,-0.40543
17/07/2019,-0.40114
18/07/2019,-0.40614
19/07/2019,-0.41429
22/07/2019,-0.40243
23/07/2019,-0.40714
24/07/2019,-0.417
25/07/2019,-0.42014
26/07/2019,-0.40114
29/07/2019,-0.40229
30/07/2019,-0.41743
31/07/2019,-0.41971
01/08/2019,-0.41529
02/08/2019,-0.41171
05/08/2019,-0.41343
06/08/2019,-0.416
07/08/2019,-0.42
08/08/2019,-0.42286
09/08/2019,-0.41714
12/08/2019,-0.41786
13/08/2019,-0.425
14/08/2019,-0.42586
15/08/2019,-0.42986
16/08/2019,-0.44271
19/08/2019,-0.44286
20/08/2019,-0.44714
21/08/2019,-0.45843
22/08/2019,-0.45471
23/08/2019,-0.44871
26/08/2019,.
27/08/2019,-0.44729
28/08/2019,-0.45486
29/08/2019,-0.45814
30/08/2019,-0.47257
02/09/2019,-0.48114
03/09/2019,-0.48186
04/09/2019,-0.48086
05/09/2019,-0.481
06/09/2019,-0.48229
09/09/2019,-0.48086
10/09/2019,-0.47186
11/09/2019,-0.46214
12/09/2019,-0.46571
13/09/2019,-0.42286
16/09/2019,-0.42171
17/09/2019,-0.431
18/09/2019,-0.421
19/09/2019,-0.41914
20/09/2019,-0.42271
23/09/2019,-0.42529
24/09/2019,-0.42314
25/09/2019,-0.42657
26/09/2019,-0.42871
27/09/2019,-0.43686
30/09/2019,-0.44071
01/10/2019,-0.44629
02/10/2019,-0.44871
03/10/2019,-0.44743
04/10/2019,-0.44286
07/10/2019,-0.442
08/10/2019,-0.443
09/10/2019,-0.44129
10/10/2019,-0.44257
11/10/2019,-0.44014
14/10/2019,-0.43686
15/10/2019,-0.435
16/10/2019,-0.43429
17/10/2019,-0.43957
18/10/2019,-0.43529
21/10/2019,-0.43214
22/10/2019,-0.43
23/10/2019,-0.432
24/10/2019,-0.43
25/10/2019,-0.43129
28/10/2019,-0.435
29/10/2019,-0.43586
30/10/2019,-0.43743
31/10/2019,-0.44
01/11/2019,-0.44129
04/11/2019,-0.44214
05/11/2019,-0.44471
06/11/2019,-0.446
07/11/2019,-0.43671
08/11/2019,-0.43729
11/11/2019,-0.43714
12/11/2019,-0.43757
13/11/2019,-0.437
14/11/2019,-0.43571
15/11/2019,-0.43657
18/11/2019,-0.43986
19/11/2019,-0.44743
20/11/2019,-0.448
21/11/2019,-0.44614
22/11/2019,-0.445
25/11/2019,-0.442
26/11/2019,-0.43529
27/11/2019,-0.43471
28/11/2019,-0.43443
29/11/2019,-0.434
02/12/2019,-0.434
03/12/2019,-0.45171
04/12/2019,-0.448
05/12/2019,-0.44943
06/12/2019,-0.44271
09/12/2019,-0.43857
10/12/2019,-0.43686
11/12/2019,-0.43643
12/12/2019,-0.43486
13/12/2019,-0.43729
16/12/2019,-0.43286
17/12/2019,-0.43571
18/12/2019,-0.43129
19/12/2019,-0.43171
20/12/2019,-0.42029
23/12/2019,-0.42729
24/12/2019,-0.42629
25/12/2019,.
26/12/2019,.
27/12/2019,-0.42029
30/12/2019,-0.41871
31/12/2019,-0.41429
01/01/2020,.
02/01/2020,-0.407
03/01/2020,-0.40986
06/01/2020,-0.41714
07/01/2020,-0.42471
08/01/2020,-0.41643
09/01/2020,-0.41571
10/01/2020,-0.42329
13/01/2020,-0.42414
14/01/2020,-0.42114
15/01/2020,-0.42143
16/01/2020,-0.41871
17/01/2020,-0.424
20/01/2020,-0.42014
21/01/2020,-0.42
22/01/2020,-0.41957
23/01/2020,-0.41886
24/01/2020,-0.42386
27/01/2020,-0.429
28/01/2020,-0.42243
29/01/2020,-0.42243
30/01/2020,-0.42143
31/01/2020,-0.41643
03/02/2020,-0.423
04/02/2020,-0.42643
05/02/2020,-0.42657
06/02/2020,-0.42329
07/02/2020,-0.42314
10/02/2020,-0.425
11/02/2020,-0.43114
12/02/2020,-0.43271
13/02/2020,-0.43429
14/02/2020,-0.43557
17/02/2020,-0.43371
18/02/2020,-0.43343
19/02/2020,-0.43329
20/02/2020,-0.44043
21/02/2020,-0.44086
24/02/2020,-0.44086
25/02/2020,-0.45029
26/02/2020,-0.45571
27/02/2020,-0.45957
28/02/2020,-0.47129
02/03/2020,-0.49443
03/03/2020,-0.48714
04/03/2020,-0.49157
05/03/2020,-0.49657
06/03/2020,-0.51829
09/03/2020,-0.526
10/03/2020,-0.50957
11/03/2020,-0.53914
12/03/2020,-0.52143
13/03/2020,-0.42729
16/03/2020,-0.41971
17/03/2020,-0.39543
18/03/2020,-0.38514
19/03/2020,-0.37657
20/03/2020,-0.353
23/03/2020,-0.31
24/03/2020,-0.31686
25/03/2020,-0.30771
26/03/2020,-0.29571
27/03/2020,-0.28914
30/03/2020,-0.26471
31/03/2020,-0.25471
01/04/2020,-0.24729
02/04/2020,-0.24114
03/04/2020,-0.23243
06/04/2020,-0.23157
07/04/2020,-0.23343
08/04/2020,-0.22229
09/04/2020,-0.21243
10/04/2020,.
13/04/2020,.
14/04/2020,-0.21857
15/04/2020,-0.21686
16/04/2020,-0.19257
17/04/2020,-0.18214
20/04/2020,-0.16714
21/04/2020,-0.15757
22/04/2020,-0.14243
23/04/2020,-0.14757
24/04/2020,-0.152
27/04/2020,-0.17357
28/04/2020,-0.16457
29/04/2020,-0.174
30/04/2020,-0.185
01/05/2020,-0.17071
04/05/2020,-0.17414
05/05/2020,-0.20486
06/05/2020,-0.217
07/05/2020,-0.24243
08/05/2020,.
11/05/2020,-0.22457
12/05/2020,-0.23071
13/05/2020,-0.24329
14/05/2020,-0.258
15/05/2020,-0.263
18/05/2020,-0.26586
19/05/2020,-0.29186
20/05/2020,-0.30886
21/05/2020,-0.31086
22/05/2020,-0.32314
25/05/2020,.
26/05/2020,-0.322
27/05/2020,-0.33471
28/05/2020,-0.34714
29/05/2020,-0.34657
01/06/2020,-0.35
02/06/2020,-0.367
03/06/2020,-0.36129
04/06/2020,-0.35471
05/06/2020,-0.37843
08/06/2020,-0.381
09/06/2020,-0.37886
10/06/2020,-0.37171
11/06/2020,-0.37743
12/06/2020,-0.39229
15/06/2020,-0.39414
16/06/2020,-0.40029
17/06/2020,-0.40743
18/06/2020,-0.40771
19/06/2020,-0.41457
22/06/2020,-0.40971
23/06/2020,-0.40571
24/06/2020,-0.40143
25/06/2020,-0.38571
26/06/2020,-0.39186
29/06/2020,-0.42829
30/06/2020,-0.422
01/07/2020,-0.41129
02/07/2020,-0.39886
03/07/2020,-0.42329
06/07/2020,-0.43514
07/07/2020,-0.42786
08/07/2020,-0.43157
09/07/2020,-0.43929
10/07/2020,-0.43814
13/07/2020,-0.44114
14/07/2020,-0.43914
15/07/2020,-0.45471
16/07/2020,-0.45171
17/07/2020,-0.44414
20/07/2020,-0.44114
21/07/2020,-0.445
22/07/2020,-0.43643
23/07/2020,-0.437
24/07/2020,-0.43543
27/07/2020,-0.444
28/07/2020,-0.44571
29/07/2020,-0.44529
30/07/2020,-0.44057
31/07/2020,-0.44471
03/08/2020,-0.45157
04/08/2020,-0.45771
05/08/2020,-0.46943
06/08/2020,-0.46857
07/08/2020,-0.47086
10/08/2020,-0.47543
11/08/2020,-0.49671
12/08/2020,-0.50186
13/08/2020,-0.505
14/08/2020,-0.51343
17/08/2020,-0.513
18/08/2020,-0.51314
19/08/2020,-0.51471
20/08/2020,-0.51486
21/08/2020,-0.515
24/08/2020,-0.51243
25/08/2020,-0.51657
26/08/2020,-0.513
27/08/2020,-0.51029
28/08/2020,-0.50871
31/08/2020,.
01/09/2020,-0.50586
02/09/2020,-0.50457
03/09/2020,-0.50114
04/09/2020,-0.50671
07/09/2020,-0.51314
08/09/2020,-0.51614
09/09/2020,-0.51786
10/09/2020,-0.512
11/09/2020,-0.50743
14/09/2020,-0.51043
15/09/2020,-0.51314
16/09/2020,-0.52129
17/09/2020,-0.51843
18/09/2020,-0.52186
21/09/2020,-0.51729
22/09/2020,-0.51914
23/09/2020,-0.51843
24/09/2020,-0.51671
25/09/2020,-0.51329
28/09/2020,-0.51657
29/09/2020,-0.51157
30/09/2020,-0.51971
01/10/2020,-0.52529
02/10/2020,-0.52771
05/10/2020,-0.52857
06/10/2020,-0.52657
07/10/2020,-0.52057
08/10/2020,-0.51986
09/10/2020,-0.52286
12/10/2020,-0.52743
13/10/2020,-0.53014
14/10/2020,-0.52929
15/10/2020,-0.53229
16/10/2020,-0.54029
19/10/2020,-0.53586
20/10/2020,-0.53314
21/10/2020,-0.51971
22/10/2020,-0.53071
23/10/2020,-0.52686
26/10/2020,-0.52771
27/10/2020,-0.53043
28/10/2020,-0.52557
29/10/2020,-0.52957
30/10/2020,-0.52971
02/11/2020,-0.53529
03/11/2020,-0.535
04/11/2020,-0.54486
05/11/2020,-0.53657
06/11/2020,-0.53843
09/11/2020,-0.54143
10/11/2020,-0.53686
11/11/2020,-0.53857
12/11/2020,-0.53286
13/11/2020,-0.53857
16/11/2020,-0.53971
17/11/2020,-0.54629
18/11/2020,-0.54543
19/11/2020,-0.54329
20/11/2020,-0.54386
23/11/2020,-0.54271
24/11/2020,-0.54814
25/11/2020,-0.54429
26/11/2020,-0.54643
27/11/2020,-0.54529
30/11/2020,-0.55157
01/12/2020,-0.55043
02/12/2020,-0.54843
03/12/2020,-0.55414
04/12/2020,-0.55286
07/12/2020,-0.55614
08/12/2020,-0.56843
09/12/2020,-0.56857
10/12/2020,-0.56443
11/12/2020,-0.57229
14/12/2020,-0.56543
15/12/2020,-0.568
16/12/2020,-0.56586
17/12/2020,-0.56914
18/12/2020,-0.56829
21/12/2020,-0.56829
22/12/2020,-0.573
23/12/2020,-0.57386
24/12/2020,-0.56357
25/12/2020,.
28/12/2020,.
29/12/2020,-0.56186
30/12/2020,-0.56629
31/12/2020,-0.56629
01/01/2021,.
04/01/2021,-0.56257
05/01/2021,-0.55943
06/01/2021,-0.56671
07/01/2021,-0.56714
08/01/2021,-0.57086
11/01/2021,-0.56471
12/01/2021,-0.55914
13/01/2021,-0.55271
14/01/2021,-0.55314
15/01/2021,-0.55557
18/01/2021,-0.55529
19/01/2021,-0.55386
20/01/2021,-0.55157
21/01/2021,-0.548
22/01/2021,-0.545
25/01/2021,-0.55029
26/01/2021,-0.54557
27/01/2021,-0.54171
28/01/2021,-0.54329
29/01/2021,-0.54343
01/02/2021,-0.54329
02/02/2021,-0.546
03/02/2021,-0.55814
04/02/2021,-0.55729
05/02/2021,-0.55429
08/02/2021,-0.53786
09/02/2021,-0.544
10/02/2021,-0.54643
11/02/2021,-0.55014
12/02/2021,-0.55043
15/02/2021,-0.55129
16/02/2021,-0.54714
17/02/2021,-0.54771
18/02/2021,-0.55129
19/02/2021,-0.54971
22/02/2021,-0.54657
23/02/2021,-0.55
24/02/2021,-0.55429
25/02/2021,-0.55271
26/02/2021,-0.55171
01/03/2021,-0.55114